{
  "status": "ok",
  "order_mode": "clustered_segment",
  "segment_counts": [
    64,
    64,
    64,
    64,
    64,
    64,
    64,
    64,
    64,
    64,
    64,
    64,
    64,
    64,
    64,
    64,
    64,
    64,
    64,
    64,
    64,
    64,
    64,
    64,
    64,
    64,
    64,
    64,
    64,
    64,
    64,
    64
  ],
  "segment_count": 32,
  "tokens_per_segment": 256,
  "key_dim": 128,
  "value_dim": 128,
  "query_count": 4,
  "total_cache_tokens": 8192,
  "selected_tokens": 2048,
  "selection_fraction": 0.25,
  "torch_flat_total_ms": 0.10022912025451661,
  "torch_gather_k_ms": 0.008826879858970642,
  "torch_gather_v_ms": 0.008785920143127441,
  "torch_score_softmax_ms": 0.050174078941345214,
  "torch_value_ms": 0.030991361141204835,
  "torch_component_sum_ms": 0.09877824008464813,
  "best_triton_grouped_ms": 0.031436800956726074,
  "best_triton_grouped_per_query_ms": 0.007859200239181519,
  "best_triton_vs_flat_speedup": 3.188273526701579,
  "best_oneq_repeated_ms": 0.1089356803894043,
  "best_grouped_vs_best_oneq_repeated_speedup": 3.4652279199578326,
  "best_variant": {
    "block_n": 128,
    "block_d": 64,
    "block_v": 64,
    "block_q": 4,
    "warps": 8,
    "num_n_blocks": 16,
    "num_v_blocks": 2,
    "num_q_blocks": 1
  },
  "best_oneq_variant": {
    "block_n": 128,
    "block_d": 128,
    "block_v": 64,
    "warps": 4,
    "num_n_blocks": 16,
    "num_v_blocks": 2
  },
  "order_stats": {
    "order_span_mean": 3.9057157039642334,
    "order_span_p95": 1.0,
    "monotonic_fraction": 1.0
  },
  "variant_results": [
    {
      "block_n": 128,
      "block_d": 64,
      "block_v": 64,
      "block_q": 4,
      "warps": 4,
      "num_n_blocks": 16,
      "num_v_blocks": 2,
      "num_q_blocks": 1,
      "status": "ok",
      "triton_grouped_ms": 0.037048320770263675,
      "triton_oneq_repeated_ms": 0.12642304420471193,
      "triton_grouped_per_query_ms": 0.009262080192565919,
      "grouped_vs_flat_speedup": 2.7053620291196605,
      "oneq_repeated_vs_flat_speedup": 0.7928073626531211,
      "grouped_vs_oneq_repeated_speedup": 3.4123825743320504,
      "validation": {
        "finite_outputs": true,
        "max_abs_diff_grouped_vs_flat": 1.043081283569336e-07,
        "mean_abs_diff_grouped_vs_flat": 1.7717685096840796e-08,
        "relative_max_abs_diff_grouped": 8.229751138203974e-07,
        "max_abs_diff_oneq_vs_flat": 6.705522537231445e-08,
        "mean_abs_diff_oneq_vs_flat": 1.2300565899181493e-08,
        "relative_max_abs_diff_oneq": 5.290554303131127e-07,
        "max_ref_abs": 0.12674517929553986
      }
    },
    {
      "block_n": 128,
      "block_d": 64,
      "block_v": 128,
      "block_q": 4,
      "warps": 4,
      "num_n_blocks": 16,
      "num_v_blocks": 1,
      "num_q_blocks": 1,
      "status": "ok",
      "triton_grouped_ms": 0.03209216117858887,
      "triton_oneq_repeated_ms": 0.10986111640930175,
      "triton_grouped_per_query_ms": 0.008023040294647217,
      "grouped_vs_flat_speedup": 3.123165177214276,
      "oneq_repeated_vs_flat_speedup": 0.9123257029457091,
      "grouped_vs_oneq_repeated_speedup": 3.4233006558186707,
      "validation": {
        "finite_outputs": true,
        "max_abs_diff_grouped_vs_flat": 1.043081283569336e-07,
        "mean_abs_diff_grouped_vs_flat": 1.7717685096840796e-08,
        "relative_max_abs_diff_grouped": 8.229751138203974e-07,
        "max_abs_diff_oneq_vs_flat": 5.960464477539063e-08,
        "mean_abs_diff_oneq_vs_flat": 1.2287172168612415e-08,
        "relative_max_abs_diff_oneq": 4.702714936116557e-07,
        "max_ref_abs": 0.12674517929553986
      }
    },
    {
      "block_n": 256,
      "block_d": 64,
      "block_v": 64,
      "block_q": 4,
      "warps": 4,
      "num_n_blocks": 8,
      "num_v_blocks": 2,
      "num_q_blocks": 1,
      "status": "failed",
      "error_type": "OutOfResources",
      "error": "out of resource: shared memory, Required: 133120, Hardware limit: 101376. Reducing block sizes or `num_stages` may help."
    },
    {
      "block_n": 128,
      "block_d": 128,
      "block_v": 64,
      "block_q": 4,
      "warps": 4,
      "num_n_blocks": 16,
      "num_v_blocks": 2,
      "num_q_blocks": 1,
      "status": "ok",
      "triton_grouped_ms": 0.03260416030883789,
      "triton_oneq_repeated_ms": 0.1089356803894043,
      "triton_grouped_per_query_ms": 0.008151040077209473,
      "grouped_vs_flat_speedup": 3.0741205817022026,
      "oneq_repeated_vs_flat_speedup": 0.920076139390097,
      "grouped_vs_oneq_repeated_speedup": 3.341158899892769,
      "validation": {
        "finite_outputs": true,
        "max_abs_diff_grouped_vs_flat": 1.043081283569336e-07,
        "mean_abs_diff_grouped_vs_flat": 1.7717685096840796e-08,
        "relative_max_abs_diff_grouped": 8.229751138203974e-07,
        "max_abs_diff_oneq_vs_flat": 6.705522537231445e-08,
        "mean_abs_diff_oneq_vs_flat": 1.2600597898426713e-08,
        "relative_max_abs_diff_oneq": 5.290554303131127e-07,
        "max_ref_abs": 0.12674517929553986
      }
    },
    {
      "block_n": 128,
      "block_d": 64,
      "block_v": 64,
      "block_q": 4,
      "warps": 8,
      "num_n_blocks": 16,
      "num_v_blocks": 2,
      "num_q_blocks": 1,
      "status": "ok",
      "triton_grouped_ms": 0.031436800956726074,
      "triton_oneq_repeated_ms": 0.11905216217041016,
      "triton_grouped_per_query_ms": 0.007859200239181519,
      "grouped_vs_flat_speedup": 3.188273526701579,
      "oneq_repeated_vs_flat_speedup": 0.841892481642203,
      "grouped_vs_oneq_repeated_speedup": 3.7870317127461504,
      "validation": {
        "finite_outputs": true,
        "max_abs_diff_grouped_vs_flat": 1.1175870895385742e-07,
        "mean_abs_diff_grouped_vs_flat": 1.7932510587570505e-08,
        "relative_max_abs_diff_grouped": 8.817590505218544e-07,
        "max_abs_diff_oneq_vs_flat": 7.450580596923828e-08,
        "mean_abs_diff_oneq_vs_flat": 1.2054988118848087e-08,
        "relative_max_abs_diff_oneq": 5.878393670145696e-07,
        "max_ref_abs": 0.12674517929553986
      }
    },
    {
      "block_n": 64,
      "block_d": 64,
      "block_v": 64,
      "block_q": 4,
      "warps": 4,
      "num_n_blocks": 32,
      "num_v_blocks": 2,
      "num_q_blocks": 1,
      "status": "ok",
      "triton_grouped_ms": 0.03164160013198852,
      "triton_oneq_repeated_ms": 0.11153471946716309,
      "triton_grouped_per_query_ms": 0.00791040003299713,
      "grouped_vs_flat_speedup": 3.16763753528345,
      "oneq_repeated_vs_flat_speedup": 0.8986360546145905,
      "grouped_vs_oneq_repeated_speedup": 3.524939288844798,
      "validation": {
        "finite_outputs": true,
        "max_abs_diff_grouped_vs_flat": 1.4156103134155273e-07,
        "mean_abs_diff_grouped_vs_flat": 1.762399115534663e-08,
        "relative_max_abs_diff_grouped": 1.1168947973276822e-06,
        "max_abs_diff_oneq_vs_flat": 6.332993507385254e-08,
        "mean_abs_diff_oneq_vs_flat": 1.2605438470814079e-08,
        "relative_max_abs_diff_oneq": 4.996634619623842e-07,
        "max_ref_abs": 0.12674517929553986
      }
    }
  ]
}