load_class,background_only_ms
idle,0.0
compute,0.01817600056529045
memory,0.012543999589979649
