repeat,policy,queue_ms
0,static_best_average,0.9907199740409851
0,load_aware,1.0137439966201782
0,oracle_context,0.8893439769744873
0,static_best_isolated,0.9605759978294373
0,resource_aware,0.9555680155754089
