load_class,background_only_ms
idle,0.0
compute,0.01783199980854988
memory,0.011008000001311302
