variant_id,block_size,warps,first_invocation_wall_ms
B512_W4,512,4,1334.5501080621034
B1024_W4,1024,4,86.90749399829656
