{
  "status": "ok",
  "segment_counts": [
    32,
    32,
    32,
    32,
    32,
    32,
    32,
    32,
    32,
    32,
    32,
    32,
    32,
    32,
    32,
    32,
    32,
    32,
    32,
    32,
    32,
    32,
    32,
    32,
    32,
    32,
    32,
    32,
    32,
    32,
    32,
    32
  ],
  "segment_count": 32,
  "tokens_per_segment": 256,
  "index_mode": "random",
  "dim": 256,
  "query_count": 8,
  "total_cache_tokens": 8192,
  "selected_tokens": 1024,
  "selection_fraction": 0.125,
  "block_m": 16,
  "block_d": 64,
  "block_q": 8,
  "warps": 4,
  "torch_segment_loop_ms": 1.4908006286621094,
  "torch_flat_total_ms": 0.028897280693054198,
  "torch_gather_ms": 0.012595200538635254,
  "torch_score_ms": 0.013397760391235351,
  "triton_fused_ms": 0.023159680366516115,
  "triton_vs_segment_speedup": 64.3705182916723,
  "triton_vs_flat_speedup": 1.2477409116074596,
  "flat_vs_segment_speedup": 51.58965109891606,
  "gather_fraction_of_flat": 0.43586109961075536,
  "score_fraction_of_flat": 0.46363394997425,
  "approx_segment_loop_launches": 96,
  "approx_flat_launches": 2,
  "approx_triton_launches": 1,
  "validation": {
    "finite_outputs": true,
    "max_abs_diff_loop_vs_flat": 0.0,
    "max_abs_diff_triton_vs_flat": 0.0,
    "max_ref_abs": 56.375,
    "relative_max_abs_diff_triton": 0.0
  }
}