{
  "status": "ok",
  "order_mode": "random_segment",
  "segment_counts": [
    32,
    32,
    32,
    32,
    32,
    32,
    32,
    32,
    32,
    32,
    32,
    32,
    32,
    32,
    32,
    32,
    32,
    32,
    32,
    32,
    32,
    32,
    32,
    32,
    32,
    32,
    32,
    32,
    32,
    32,
    32,
    32
  ],
  "segment_count": 32,
  "tokens_per_segment": 256,
  "key_dim": 128,
  "value_dim": 128,
  "query_count": 2,
  "total_cache_tokens": 8192,
  "selected_tokens": 1024,
  "selection_fraction": 0.125,
  "torch_flat_total_ms": 0.14444543838500976,
  "torch_gather_k_ms": 0.013352960348129272,
  "torch_gather_v_ms": 0.013557759523391723,
  "torch_score_softmax_ms": 0.0748748779296875,
  "torch_value_ms": 0.03196928024291992,
  "torch_component_sum_ms": 0.13375487804412842,
  "best_triton_grouped_ms": 0.04425343990325928,
  "best_triton_grouped_per_query_ms": 0.02212671995162964,
  "best_triton_vs_flat_speedup": 3.2640499518404966,
  "best_oneq_repeated_ms": 0.06659776210784912,
  "best_grouped_vs_best_oneq_repeated_speedup": 1.5049171827870533,
  "best_variant": {
    "block_n": 128,
    "block_d": 64,
    "block_v": 128,
    "block_q": 4,
    "warps": 4,
    "num_n_blocks": 8,
    "num_v_blocks": 1,
    "num_q_blocks": 1
  },
  "best_oneq_variant": {
    "block_n": 64,
    "block_d": 64,
    "block_v": 64,
    "warps": 4,
    "num_n_blocks": 16,
    "num_v_blocks": 2
  },
  "order_stats": {
    "order_span_mean": 92.69012451171875,
    "order_span_p95": 212.0,
    "monotonic_fraction": 0.5200390815734863
  },
  "variant_results": [
    {
      "block_n": 128,
      "block_d": 64,
      "block_v": 64,
      "block_q": 4,
      "warps": 4,
      "num_n_blocks": 8,
      "num_v_blocks": 2,
      "num_q_blocks": 1,
      "status": "ok",
      "triton_grouped_ms": 0.046325759887695314,
      "triton_oneq_repeated_ms": 0.09103360176086425,
      "triton_grouped_per_query_ms": 0.023162879943847657,
      "grouped_vs_flat_speedup": 3.118037107975777,
      "oneq_repeated_vs_flat_speedup": 1.586726610734933,
      "grouped_vs_oneq_repeated_speedup": 1.9650751975046152,
      "validation": {
        "finite_outputs": true,
        "max_abs_diff_grouped_vs_flat": 8.940696716308594e-08,
        "mean_abs_diff_grouped_vs_flat": 2.06335926122847e-08,
        "relative_max_abs_diff_grouped": 4.583458359891928e-07,
        "max_abs_diff_oneq_vs_flat": 5.587935447692871e-08,
        "mean_abs_diff_oneq_vs_flat": 1.394752757732931e-08,
        "relative_max_abs_diff_oneq": 2.864661474932455e-07,
        "max_ref_abs": 0.19506442546844482
      }
    },
    {
      "block_n": 128,
      "block_d": 64,
      "block_v": 128,
      "block_q": 4,
      "warps": 4,
      "num_n_blocks": 8,
      "num_v_blocks": 1,
      "num_q_blocks": 1,
      "status": "ok",
      "triton_grouped_ms": 0.04425343990325928,
      "triton_oneq_repeated_ms": 0.081014404296875,
      "triton_grouped_per_query_ms": 0.02212671995162964,
      "grouped_vs_flat_speedup": 3.2640499518404966,
      "oneq_repeated_vs_flat_speedup": 1.7829599518586043,
      "grouped_vs_oneq_repeated_speedup": 1.8306916812337624,
      "validation": {
        "finite_outputs": true,
        "max_abs_diff_grouped_vs_flat": 8.940696716308594e-08,
        "mean_abs_diff_grouped_vs_flat": 2.06335926122847e-08,
        "relative_max_abs_diff_grouped": 4.583458359891928e-07,
        "max_abs_diff_oneq_vs_flat": 5.587935447692871e-08,
        "mean_abs_diff_oneq_vs_flat": 1.4127948588793515e-08,
        "relative_max_abs_diff_oneq": 2.864661474932455e-07,
        "max_ref_abs": 0.19506442546844482
      }
    },
    {
      "block_n": 256,
      "block_d": 64,
      "block_v": 64,
      "block_q": 4,
      "warps": 4,
      "num_n_blocks": 4,
      "num_v_blocks": 2,
      "num_q_blocks": 1,
      "status": "failed",
      "error_type": "OutOfResources",
      "error": "out of resource: shared memory, Required: 133120, Hardware limit: 101376. Reducing block sizes or `num_stages` may help."
    },
    {
      "block_n": 128,
      "block_d": 128,
      "block_v": 64,
      "block_q": 4,
      "warps": 4,
      "num_n_blocks": 8,
      "num_v_blocks": 2,
      "num_q_blocks": 1,
      "status": "ok",
      "triton_grouped_ms": 0.04460095882415772,
      "triton_oneq_repeated_ms": 0.07979392051696778,
      "triton_grouped_per_query_ms": 0.02230047941207886,
      "grouped_vs_flat_speedup": 3.2386173345397262,
      "oneq_repeated_vs_flat_speedup": 1.8102311234888397,
      "grouped_vs_oneq_repeated_speedup": 1.7890628950727423,
      "validation": {
        "finite_outputs": true,
        "max_abs_diff_grouped_vs_flat": 8.940696716308594e-08,
        "mean_abs_diff_grouped_vs_flat": 2.06335926122847e-08,
        "relative_max_abs_diff_grouped": 4.583458359891928e-07,
        "max_abs_diff_oneq_vs_flat": 6.332993507385254e-08,
        "mean_abs_diff_oneq_vs_flat": 1.354089818050852e-08,
        "relative_max_abs_diff_oneq": 3.2466163382567823e-07,
        "max_ref_abs": 0.19506442546844482
      }
    },
    {
      "block_n": 128,
      "block_d": 64,
      "block_v": 64,
      "block_q": 4,
      "warps": 8,
      "num_n_blocks": 8,
      "num_v_blocks": 2,
      "num_q_blocks": 1,
      "status": "ok",
      "triton_grouped_ms": 0.050135040283203126,
      "triton_oneq_repeated_ms": 0.078090238571167,
      "triton_grouped_per_query_ms": 0.025067520141601563,
      "grouped_vs_flat_speedup": 2.881127402492657,
      "oneq_repeated_vs_flat_speedup": 1.8497246394422322,
      "grouped_vs_oneq_repeated_speedup": 1.557598001917429,
      "validation": {
        "finite_outputs": true,
        "max_abs_diff_grouped_vs_flat": 8.940696716308594e-08,
        "mean_abs_diff_grouped_vs_flat": 2.06335926122847e-08,
        "relative_max_abs_diff_grouped": 4.583458359891928e-07,
        "max_abs_diff_oneq_vs_flat": 5.21540641784668e-08,
        "mean_abs_diff_oneq_vs_flat": 1.3541125554183964e-08,
        "relative_max_abs_diff_oneq": 2.673684043270291e-07,
        "max_ref_abs": 0.19506442546844482
      }
    },
    {
      "block_n": 64,
      "block_d": 64,
      "block_v": 64,
      "block_q": 4,
      "warps": 4,
      "num_n_blocks": 16,
      "num_v_blocks": 2,
      "num_q_blocks": 1,
      "status": "ok",
      "triton_grouped_ms": 0.04995071887969971,
      "triton_oneq_repeated_ms": 0.06659776210784912,
      "triton_grouped_per_query_ms": 0.024975359439849854,
      "grouped_vs_flat_speedup": 2.8917589501141956,
      "oneq_repeated_vs_flat_speedup": 2.1689233063281206,
      "grouped_vs_oneq_repeated_speedup": 1.333269342293988,
      "validation": {
        "finite_outputs": true,
        "max_abs_diff_grouped_vs_flat": 1.341104507446289e-07,
        "mean_abs_diff_grouped_vs_flat": 2.0840190018134308e-08,
        "relative_max_abs_diff_grouped": 6.875187539837892e-07,
        "max_abs_diff_oneq_vs_flat": 7.450580596923828e-08,
        "mean_abs_diff_oneq_vs_flat": 1.3846289448338212e-08,
        "relative_max_abs_diff_oneq": 3.8195486332432734e-07,
        "max_ref_abs": 0.19506442546844482
      }
    }
  ]
}