{
  "status": "ok",
  "token_counts": [
    4,
    4,
    4,
    4
  ],
  "hidden_size": 512,
  "ffn_size": 1024,
  "warmup": 2,
  "iters": 3,
  "expert_ms": [
    {
      "expert_id": 0,
      "tokens": 4,
      "isolated_ms": 0.09284266829490662,
      "share_of_sum": 0.35007843554289236
    },
    {
      "expert_id": 1,
      "tokens": 4,
      "isolated_ms": 0.05256533126036326,
      "share_of_sum": 0.19820616177218814
    },
    {
      "expert_id": 2,
      "tokens": 4,
      "isolated_ms": 0.05972266693909963,
      "share_of_sum": 0.22519406424294053
    },
    {
      "expert_id": 3,
      "tokens": 4,
      "isolated_ms": 0.06007466713587443,
      "share_of_sum": 0.22652133844197894
    }
  ],
  "sum_expert_ms": 0.26520533363024396,
  "max_expert_ms": 0.09284266829490662,
  "serial_ms": 0.18594133853912354,
  "concurrent_ms": 0.3415893316268921,
  "stream_speedup": 0.5443417616514492,
  "overlap_ratio": -0.2880183326295567,
  "dominance_ratio": 0.35007843554289236,
  "finite_outputs": true
}