{
  "status": "ok",
  "segment_counts": [
    256,
    192,
    128,
    96,
    64,
    48,
    32,
    32,
    24,
    24,
    16,
    16,
    16,
    16,
    16,
    16,
    8,
    8,
    8,
    8,
    8,
    8,
    8,
    8,
    4,
    4,
    4,
    4,
    4,
    4,
    4,
    4
  ],
  "segment_count": 32,
  "tokens_per_segment": 256,
  "index_mode": "random",
  "dim": 256,
  "query_count": 8,
  "total_cache_tokens": 8192,
  "selected_tokens": 1088,
  "selection_fraction": 0.1328125,
  "block_m": 16,
  "block_d": 64,
  "block_q": 8,
  "warps": 4,
  "torch_segment_loop_ms": 1.3370329284667968,
  "torch_flat_total_ms": 0.029344000816345216,
  "torch_gather_ms": 0.012718080282211304,
  "torch_score_ms": 0.0130457603931427,
  "triton_fused_ms": 0.02170559883117676,
  "triton_vs_segment_speedup": 61.59852759032634,
  "triton_vs_flat_speedup": 1.3519092951352747,
  "flat_vs_segment_speedup": 45.56409798496331,
  "gather_fraction_of_flat": 0.4334133018128554,
  "score_fraction_of_flat": 0.4445801537013297,
  "approx_segment_loop_launches": 96,
  "approx_flat_launches": 2,
  "approx_triton_launches": 1,
  "validation": {
    "finite_outputs": true,
    "max_abs_diff_loop_vs_flat": 0.0,
    "max_abs_diff_triton_vs_flat": 0.0,
    "max_ref_abs": 56.75,
    "relative_max_abs_diff_triton": 0.0
  }
}