{
  "status": "ok",
  "order_mode": "random_sorted",
  "segment_counts": [
    32,
    32,
    32,
    32,
    32,
    32,
    32,
    32,
    32,
    32,
    32,
    32,
    32,
    32,
    32,
    32,
    32,
    32,
    32,
    32,
    32,
    32,
    32,
    32,
    32,
    32,
    32,
    32,
    32,
    32,
    32,
    32
  ],
  "segment_count": 32,
  "tokens_per_segment": 256,
  "key_dim": 128,
  "value_dim": 128,
  "query_count": 8,
  "total_cache_tokens": 8192,
  "selected_tokens": 1024,
  "selection_fraction": 0.125,
  "torch_flat_total_ms": 0.13783040046691894,
  "torch_gather_k_ms": 0.01398784041404724,
  "torch_gather_v_ms": 0.010792959928512574,
  "torch_score_softmax_ms": 0.07374847888946533,
  "torch_value_ms": 0.031682560443878176,
  "torch_component_sum_ms": 0.13021183967590333,
  "best_triton_grouped_ms": 0.043912320137023925,
  "best_triton_grouped_per_query_ms": 0.005489040017127991,
  "best_triton_vs_flat_speedup": 3.138763791957091,
  "best_oneq_repeated_ms": 0.297390079498291,
  "best_grouped_vs_best_oneq_repeated_speedup": 6.772360890299477,
  "best_variant": {
    "block_n": 128,
    "block_d": 64,
    "block_v": 64,
    "block_q": 4,
    "warps": 8,
    "num_n_blocks": 8,
    "num_v_blocks": 2,
    "num_q_blocks": 2
  },
  "best_oneq_variant": {
    "block_n": 64,
    "block_d": 64,
    "block_v": 64,
    "warps": 4,
    "num_n_blocks": 16,
    "num_v_blocks": 2
  },
  "order_stats": {
    "order_span_mean": 7.995112419128418,
    "order_span_p95": 22.0,
    "monotonic_fraction": 1.0
  },
  "variant_results": [
    {
      "block_n": 128,
      "block_d": 64,
      "block_v": 64,
      "block_q": 4,
      "warps": 4,
      "num_n_blocks": 8,
      "num_v_blocks": 2,
      "num_q_blocks": 2,
      "status": "ok",
      "triton_grouped_ms": 0.04571135997772217,
      "triton_oneq_repeated_ms": 0.3153510475158691,
      "triton_grouped_per_query_ms": 0.005713919997215271,
      "grouped_vs_flat_speedup": 3.0152329865944,
      "oneq_repeated_vs_flat_speedup": 0.43706974038189306,
      "grouped_vs_oneq_repeated_speedup": 6.898745687495586,
      "validation": {
        "finite_outputs": true,
        "max_abs_diff_grouped_vs_flat": 8.940696716308594e-08,
        "mean_abs_diff_grouped_vs_flat": 1.8458614192695677e-08,
        "relative_max_abs_diff_grouped": 4.012171054633265e-07,
        "max_abs_diff_oneq_vs_flat": 6.705522537231445e-08,
        "mean_abs_diff_oneq_vs_flat": 1.3448023139517318e-08,
        "relative_max_abs_diff_oneq": 3.0091282909749487e-07,
        "max_ref_abs": 0.2228393703699112
      }
    },
    {
      "block_n": 128,
      "block_d": 64,
      "block_v": 128,
      "block_q": 4,
      "warps": 4,
      "num_n_blocks": 8,
      "num_v_blocks": 1,
      "num_q_blocks": 2,
      "status": "ok",
      "triton_grouped_ms": 0.04726784229278565,
      "triton_oneq_repeated_ms": 0.3218841552734375,
      "triton_grouped_per_query_ms": 0.005908480286598206,
      "grouped_vs_flat_speedup": 2.915944409164528,
      "oneq_repeated_vs_flat_speedup": 0.42819877340602036,
      "grouped_vs_oneq_repeated_speedup": 6.809791597416871,
      "validation": {
        "finite_outputs": true,
        "max_abs_diff_grouped_vs_flat": 8.940696716308594e-08,
        "mean_abs_diff_grouped_vs_flat": 1.8458614192695677e-08,
        "relative_max_abs_diff_grouped": 4.012171054633265e-07,
        "max_abs_diff_oneq_vs_flat": 7.450580596923828e-08,
        "mean_abs_diff_oneq_vs_flat": 1.3530346620882483e-08,
        "relative_max_abs_diff_oneq": 3.343475878861054e-07,
        "max_ref_abs": 0.2228393703699112
      }
    },
    {
      "block_n": 256,
      "block_d": 64,
      "block_v": 64,
      "block_q": 4,
      "warps": 4,
      "num_n_blocks": 4,
      "num_v_blocks": 2,
      "num_q_blocks": 2,
      "status": "failed",
      "error_type": "OutOfResources",
      "error": "out of resource: shared memory, Required: 133120, Hardware limit: 101376. Reducing block sizes or `num_stages` may help."
    },
    {
      "block_n": 128,
      "block_d": 128,
      "block_v": 64,
      "block_q": 4,
      "warps": 4,
      "num_n_blocks": 8,
      "num_v_blocks": 2,
      "num_q_blocks": 2,
      "status": "ok",
      "triton_grouped_ms": 0.04679679870605469,
      "triton_oneq_repeated_ms": 0.3264102554321289,
      "triton_grouped_per_query_ms": 0.005849599838256836,
      "grouped_vs_flat_speedup": 2.9452954962298756,
      "oneq_repeated_vs_flat_speedup": 0.422261243858431,
      "grouped_vs_oneq_repeated_speedup": 6.975055227226411,
      "validation": {
        "finite_outputs": true,
        "max_abs_diff_grouped_vs_flat": 8.940696716308594e-08,
        "mean_abs_diff_grouped_vs_flat": 1.8458614192695677e-08,
        "relative_max_abs_diff_grouped": 4.012171054633265e-07,
        "max_abs_diff_oneq_vs_flat": 6.332993507385254e-08,
        "mean_abs_diff_oneq_vs_flat": 1.2900954970973544e-08,
        "relative_max_abs_diff_oneq": 2.841954497031896e-07,
        "max_ref_abs": 0.2228393703699112
      }
    },
    {
      "block_n": 128,
      "block_d": 64,
      "block_v": 64,
      "block_q": 4,
      "warps": 8,
      "num_n_blocks": 8,
      "num_v_blocks": 2,
      "num_q_blocks": 2,
      "status": "ok",
      "triton_grouped_ms": 0.043912320137023925,
      "triton_oneq_repeated_ms": 0.2974924850463867,
      "triton_grouped_per_query_ms": 0.005489040017127991,
      "grouped_vs_flat_speedup": 3.138763791957091,
      "oneq_repeated_vs_flat_speedup": 0.4633071670547498,
      "grouped_vs_oneq_repeated_speedup": 6.774692936244127,
      "validation": {
        "finite_outputs": true,
        "max_abs_diff_grouped_vs_flat": 8.940696716308594e-08,
        "mean_abs_diff_grouped_vs_flat": 1.849719666324745e-08,
        "relative_max_abs_diff_grouped": 4.012171054633265e-07,
        "max_abs_diff_oneq_vs_flat": 5.960464477539063e-08,
        "mean_abs_diff_oneq_vs_flat": 1.3227818840277905e-08,
        "relative_max_abs_diff_oneq": 2.674780703088843e-07,
        "max_ref_abs": 0.2228393703699112
      }
    },
    {
      "block_n": 64,
      "block_d": 64,
      "block_v": 64,
      "block_q": 4,
      "warps": 4,
      "num_n_blocks": 16,
      "num_v_blocks": 2,
      "num_q_blocks": 2,
      "status": "ok",
      "triton_grouped_ms": 0.04542463779449463,
      "triton_oneq_repeated_ms": 0.297390079498291,
      "triton_grouped_per_query_ms": 0.005678079724311828,
      "grouped_vs_flat_speedup": 3.034265261298874,
      "oneq_repeated_vs_flat_speedup": 0.4634667057470255,
      "grouped_vs_oneq_repeated_speedup": 6.546889396096276,
      "validation": {
        "finite_outputs": true,
        "max_abs_diff_grouped_vs_flat": 7.82310962677002e-08,
        "mean_abs_diff_grouped_vs_flat": 1.8240619681364478e-08,
        "relative_max_abs_diff_grouped": 3.510649672804107e-07,
        "max_abs_diff_oneq_vs_flat": 6.705522537231445e-08,
        "mean_abs_diff_oneq_vs_flat": 1.3244196850337175e-08,
        "relative_max_abs_diff_oneq": 3.0091282909749487e-07,
        "max_ref_abs": 0.2228393703699112
      }
    }
  ]
}