{
  "status": "ok",
  "order_mode": "random_sorted",
  "segment_counts": [
    32,
    32,
    32,
    32,
    32,
    32,
    32,
    32,
    32,
    32,
    32,
    32,
    32,
    32,
    32,
    32,
    32,
    32,
    32,
    32,
    32,
    32,
    32,
    32,
    32,
    32,
    32,
    32,
    32,
    32,
    32,
    32
  ],
  "segment_count": 32,
  "tokens_per_segment": 256,
  "key_dim": 128,
  "value_dim": 128,
  "query_count": 2,
  "total_cache_tokens": 8192,
  "selected_tokens": 1024,
  "selection_fraction": 0.125,
  "torch_flat_total_ms": 0.1479475212097168,
  "torch_gather_k_ms": 0.012513279914855957,
  "torch_gather_v_ms": 0.01224511981010437,
  "torch_score_softmax_ms": 0.06832128047943115,
  "torch_value_ms": 0.02615744113922119,
  "torch_component_sum_ms": 0.11923712134361267,
  "best_triton_grouped_ms": 0.044177279472351075,
  "best_triton_grouped_per_query_ms": 0.022088639736175537,
  "best_triton_vs_flat_speedup": 3.3489504780916097,
  "best_oneq_repeated_ms": 0.07913472175598145,
  "best_grouped_vs_best_oneq_repeated_speedup": 1.7912991180343947,
  "best_variant": {
    "block_n": 128,
    "block_d": 64,
    "block_v": 128,
    "block_q": 4,
    "warps": 4,
    "num_n_blocks": 8,
    "num_v_blocks": 1,
    "num_q_blocks": 1
  },
  "best_oneq_variant": {
    "block_n": 128,
    "block_d": 64,
    "block_v": 64,
    "warps": 4,
    "num_n_blocks": 8,
    "num_v_blocks": 2
  },
  "order_stats": {
    "order_span_mean": 7.995112419128418,
    "order_span_p95": 22.0,
    "monotonic_fraction": 1.0
  },
  "variant_results": [
    {
      "block_n": 128,
      "block_d": 64,
      "block_v": 64,
      "block_q": 4,
      "warps": 4,
      "num_n_blocks": 8,
      "num_v_blocks": 2,
      "num_q_blocks": 1,
      "status": "ok",
      "triton_grouped_ms": 0.04513792037963867,
      "triton_oneq_repeated_ms": 0.07913472175598145,
      "triton_grouped_per_query_ms": 0.022568960189819336,
      "grouped_vs_flat_speedup": 3.2776769502312884,
      "oneq_repeated_vs_flat_speedup": 1.8695651911928797,
      "grouped_vs_oneq_repeated_speedup": 1.7531760677144186,
      "validation": {
        "finite_outputs": true,
        "max_abs_diff_grouped_vs_flat": 6.705522537231445e-08,
        "mean_abs_diff_grouped_vs_flat": 1.981263153538748e-08,
        "relative_max_abs_diff_grouped": 3.437591931712007e-07,
        "max_abs_diff_oneq_vs_flat": 6.705522537231445e-08,
        "mean_abs_diff_oneq_vs_flat": 1.4562715477950405e-08,
        "relative_max_abs_diff_oneq": 3.437591931712007e-07,
        "max_ref_abs": 0.19506452977657318
      }
    },
    {
      "block_n": 128,
      "block_d": 64,
      "block_v": 128,
      "block_q": 4,
      "warps": 4,
      "num_n_blocks": 8,
      "num_v_blocks": 1,
      "num_q_blocks": 1,
      "status": "ok",
      "triton_grouped_ms": 0.044177279472351075,
      "triton_oneq_repeated_ms": 0.0840499210357666,
      "triton_grouped_per_query_ms": 0.022088639736175537,
      "grouped_vs_flat_speedup": 3.3489504780916097,
      "oneq_repeated_vs_flat_speedup": 1.7602339108297225,
      "grouped_vs_oneq_repeated_speedup": 1.9025599140474536,
      "validation": {
        "finite_outputs": true,
        "max_abs_diff_grouped_vs_flat": 6.705522537231445e-08,
        "mean_abs_diff_grouped_vs_flat": 1.981263153538748e-08,
        "relative_max_abs_diff_grouped": 3.437591931712007e-07,
        "max_abs_diff_oneq_vs_flat": 7.450580596923828e-08,
        "mean_abs_diff_oneq_vs_flat": 1.495851620347821e-08,
        "relative_max_abs_diff_oneq": 3.819546590791119e-07,
        "max_ref_abs": 0.19506452977657318
      }
    },
    {
      "block_n": 256,
      "block_d": 64,
      "block_v": 64,
      "block_q": 4,
      "warps": 4,
      "num_n_blocks": 4,
      "num_v_blocks": 2,
      "num_q_blocks": 1,
      "status": "failed",
      "error_type": "OutOfResources",
      "error": "out of resource: shared memory, Required: 133120, Hardware limit: 101376. Reducing block sizes or `num_stages` may help."
    },
    {
      "block_n": 128,
      "block_d": 128,
      "block_v": 64,
      "block_q": 4,
      "warps": 4,
      "num_n_blocks": 8,
      "num_v_blocks": 2,
      "num_q_blocks": 1,
      "status": "ok",
      "triton_grouped_ms": 0.04628479957580566,
      "triton_oneq_repeated_ms": 0.0812006378173828,
      "triton_grouped_per_query_ms": 0.02314239978790283,
      "grouped_vs_flat_speedup": 3.196460232422677,
      "oneq_repeated_vs_flat_speedup": 1.8219994963887505,
      "grouped_vs_oneq_repeated_speedup": 1.7543694379488814,
      "validation": {
        "finite_outputs": true,
        "max_abs_diff_grouped_vs_flat": 6.705522537231445e-08,
        "mean_abs_diff_grouped_vs_flat": 1.981263153538748e-08,
        "relative_max_abs_diff_grouped": 3.437591931712007e-07,
        "max_abs_diff_oneq_vs_flat": 6.332993507385254e-08,
        "mean_abs_diff_oneq_vs_flat": 1.3972908163850661e-08,
        "relative_max_abs_diff_oneq": 3.246614602172451e-07,
        "max_ref_abs": 0.19506452977657318
      }
    },
    {
      "block_n": 128,
      "block_d": 64,
      "block_v": 64,
      "block_q": 4,
      "warps": 8,
      "num_n_blocks": 8,
      "num_v_blocks": 2,
      "num_q_blocks": 1,
      "status": "ok",
      "triton_grouped_ms": 0.04511744022369385,
      "triton_oneq_repeated_ms": 0.08347647666931152,
      "triton_grouped_per_query_ms": 0.022558720111846925,
      "grouped_vs_flat_speedup": 3.279164785860807,
      "oneq_repeated_vs_flat_speedup": 1.7723258948242935,
      "grouped_vs_oneq_repeated_speedup": 1.8502041839127445,
      "validation": {
        "finite_outputs": true,
        "max_abs_diff_grouped_vs_flat": 6.705522537231445e-08,
        "mean_abs_diff_grouped_vs_flat": 1.981263153538748e-08,
        "relative_max_abs_diff_grouped": 3.437591931712007e-07,
        "max_abs_diff_oneq_vs_flat": 5.960464477539063e-08,
        "mean_abs_diff_oneq_vs_flat": 1.4720967556058895e-08,
        "relative_max_abs_diff_oneq": 3.055637272632895e-07,
        "max_ref_abs": 0.19506452977657318
      }
    },
    {
      "block_n": 64,
      "block_d": 64,
      "block_v": 64,
      "block_q": 4,
      "warps": 4,
      "num_n_blocks": 16,
      "num_v_blocks": 2,
      "num_q_blocks": 1,
      "status": "ok",
      "triton_grouped_ms": 0.047779841423034666,
      "triton_oneq_repeated_ms": 0.08572928428649902,
      "triton_grouped_per_query_ms": 0.023889920711517333,
      "grouped_vs_flat_speedup": 3.096442282003709,
      "oneq_repeated_vs_flat_speedup": 1.7257524361837713,
      "grouped_vs_oneq_repeated_speedup": 1.7942563586066849,
      "validation": {
        "finite_outputs": true,
        "max_abs_diff_grouped_vs_flat": 6.332993507385254e-08,
        "mean_abs_diff_grouped_vs_flat": 1.934819238158525e-08,
        "relative_max_abs_diff_grouped": 3.246614602172451e-07,
        "max_abs_diff_oneq_vs_flat": 6.705522537231445e-08,
        "mean_abs_diff_oneq_vs_flat": 1.3679624544238322e-08,
        "relative_max_abs_diff_oneq": 3.437591931712007e-07,
        "max_ref_abs": 0.19506452977657318
      }
    }
  ]
}