{
  "status": "ok",
  "order_mode": "random_shuffled",
  "segment_counts": [
    16,
    16,
    16,
    16,
    16,
    16,
    16,
    16,
    16,
    16,
    16,
    16,
    16,
    16,
    16,
    16,
    16,
    16,
    16,
    16,
    16,
    16,
    16,
    16,
    16,
    16,
    16,
    16,
    16,
    16,
    16,
    16
  ],
  "segment_count": 32,
  "tokens_per_segment": 256,
  "key_dim": 128,
  "value_dim": 128,
  "query_count": 4,
  "total_cache_tokens": 8192,
  "selected_tokens": 512,
  "selection_fraction": 0.0625,
  "torch_flat_total_ms": 0.10027520179748535,
  "torch_gather_k_ms": 0.008766080141067506,
  "torch_gather_v_ms": 0.009132159948348999,
  "torch_score_softmax_ms": 0.05140480041503906,
  "torch_value_ms": 0.021872639656066895,
  "torch_component_sum_ms": 0.09117568016052247,
  "best_triton_grouped_ms": 0.03176768064498901,
  "best_triton_grouped_per_query_ms": 0.007941920161247253,
  "best_triton_vs_flat_speedup": 3.156516300893456,
  "best_oneq_repeated_ms": 0.11394816398620605,
  "best_grouped_vs_best_oneq_repeated_speedup": 3.5869210994533236,
  "best_variant": {
    "block_n": 128,
    "block_d": 64,
    "block_v": 64,
    "block_q": 4,
    "warps": 4,
    "num_n_blocks": 4,
    "num_v_blocks": 2,
    "num_q_blocks": 1
  },
  "best_oneq_variant": {
    "block_n": 128,
    "block_d": 64,
    "block_v": 64,
    "warps": 4,
    "num_n_blocks": 4,
    "num_v_blocks": 2
  },
  "order_stats": {
    "order_span_mean": 2862.684814453125,
    "order_span_p95": 6332.0,
    "monotonic_fraction": 0.49510762095451355
  },
  "variant_results": [
    {
      "block_n": 128,
      "block_d": 64,
      "block_v": 64,
      "block_q": 4,
      "warps": 4,
      "num_n_blocks": 4,
      "num_v_blocks": 2,
      "num_q_blocks": 1,
      "status": "ok",
      "triton_grouped_ms": 0.03176768064498901,
      "triton_oneq_repeated_ms": 0.11394816398620605,
      "triton_grouped_per_query_ms": 0.007941920161247253,
      "grouped_vs_flat_speedup": 3.156516300893456,
      "oneq_repeated_vs_flat_speedup": 0.8800071742237472,
      "grouped_vs_oneq_repeated_speedup": 3.5869210994533236,
      "validation": {
        "finite_outputs": true,
        "max_abs_diff_grouped_vs_flat": 8.940696716308594e-08,
        "mean_abs_diff_grouped_vs_flat": 2.420719624751655e-08,
        "relative_max_abs_diff_grouped": 3.763978002810688e-07,
        "max_abs_diff_oneq_vs_flat": 6.332993507385254e-08,
        "mean_abs_diff_oneq_vs_flat": 1.706899865894229e-08,
        "relative_max_abs_diff_oneq": 2.666151085324237e-07,
        "max_ref_abs": 0.23753318190574646
      }
    },
    {
      "block_n": 128,
      "block_d": 64,
      "block_v": 128,
      "block_q": 4,
      "warps": 4,
      "num_n_blocks": 4,
      "num_v_blocks": 1,
      "num_q_blocks": 1,
      "status": "ok",
      "triton_grouped_ms": 0.032707839012145995,
      "triton_oneq_repeated_ms": 0.11957823753356933,
      "triton_grouped_per_query_ms": 0.008176959753036499,
      "grouped_vs_flat_speedup": 3.0657849869032416,
      "oneq_repeated_vs_flat_speedup": 0.8385740069913221,
      "grouped_vs_oneq_repeated_speedup": 3.655950412656861,
      "validation": {
        "finite_outputs": true,
        "max_abs_diff_grouped_vs_flat": 8.940696716308594e-08,
        "mean_abs_diff_grouped_vs_flat": 2.420719624751655e-08,
        "relative_max_abs_diff_grouped": 3.763978002810688e-07,
        "max_abs_diff_oneq_vs_flat": 7.450580596923828e-08,
        "mean_abs_diff_oneq_vs_flat": 1.7772222804524063e-08,
        "relative_max_abs_diff_oneq": 3.136648335675573e-07,
        "max_ref_abs": 0.23753318190574646
      }
    },
    {
      "block_n": 256,
      "block_d": 64,
      "block_v": 64,
      "block_q": 4,
      "warps": 4,
      "num_n_blocks": 2,
      "num_v_blocks": 2,
      "num_q_blocks": 1,
      "status": "failed",
      "error_type": "OutOfResources",
      "error": "out of resource: shared memory, Required: 133120, Hardware limit: 101376. Reducing block sizes or `num_stages` may help."
    },
    {
      "block_n": 128,
      "block_d": 128,
      "block_v": 64,
      "block_q": 4,
      "warps": 4,
      "num_n_blocks": 4,
      "num_v_blocks": 2,
      "num_q_blocks": 1,
      "status": "ok",
      "triton_grouped_ms": 0.03635200023651123,
      "triton_oneq_repeated_ms": 0.12363583564758301,
      "triton_grouped_per_query_ms": 0.009088000059127807,
      "grouped_vs_flat_speedup": 2.7584507357251535,
      "oneq_repeated_vs_flat_speedup": 0.8110528899025212,
      "grouped_vs_oneq_repeated_speedup": 3.4010738018043263,
      "validation": {
        "finite_outputs": true,
        "max_abs_diff_grouped_vs_flat": 8.940696716308594e-08,
        "mean_abs_diff_grouped_vs_flat": 2.420719624751655e-08,
        "relative_max_abs_diff_grouped": 3.763978002810688e-07,
        "max_abs_diff_oneq_vs_flat": 7.450580596923828e-08,
        "mean_abs_diff_oneq_vs_flat": 1.808621163945645e-08,
        "relative_max_abs_diff_oneq": 3.136648335675573e-07,
        "max_ref_abs": 0.23753318190574646
      }
    },
    {
      "block_n": 128,
      "block_d": 64,
      "block_v": 64,
      "block_q": 4,
      "warps": 8,
      "num_n_blocks": 4,
      "num_v_blocks": 2,
      "num_q_blocks": 1,
      "status": "ok",
      "triton_grouped_ms": 0.0349183988571167,
      "triton_oneq_repeated_ms": 0.12298368453979493,
      "triton_grouped_per_query_ms": 0.008729599714279175,
      "grouped_vs_flat_speedup": 2.8717010252332438,
      "oneq_repeated_vs_flat_speedup": 0.8153536964900284,
      "grouped_vs_oneq_repeated_speedup": 3.5220310370768817,
      "validation": {
        "finite_outputs": true,
        "max_abs_diff_grouped_vs_flat": 8.940696716308594e-08,
        "mean_abs_diff_grouped_vs_flat": 2.4166723733287654e-08,
        "relative_max_abs_diff_grouped": 3.763978002810688e-07,
        "max_abs_diff_oneq_vs_flat": 6.705522537231445e-08,
        "mean_abs_diff_oneq_vs_flat": 1.7340909153062967e-08,
        "relative_max_abs_diff_oneq": 2.822983502108016e-07,
        "max_ref_abs": 0.23753318190574646
      }
    },
    {
      "block_n": 64,
      "block_d": 64,
      "block_v": 64,
      "block_q": 4,
      "warps": 4,
      "num_n_blocks": 8,
      "num_v_blocks": 2,
      "num_q_blocks": 1,
      "status": "ok",
      "triton_grouped_ms": 0.03233792066574097,
      "triton_oneq_repeated_ms": 0.1144217586517334,
      "triton_grouped_per_query_ms": 0.008084480166435242,
      "grouped_vs_flat_speedup": 3.100854963248074,
      "oneq_repeated_vs_flat_speedup": 0.8763648014071689,
      "grouped_vs_oneq_repeated_speedup": 3.5383152749506452,
      "validation": {
        "finite_outputs": true,
        "max_abs_diff_grouped_vs_flat": 8.940696716308594e-08,
        "mean_abs_diff_grouped_vs_flat": 2.3229546286529512e-08,
        "relative_max_abs_diff_grouped": 3.763978002810688e-07,
        "max_abs_diff_oneq_vs_flat": 7.450580596923828e-08,
        "mean_abs_diff_oneq_vs_flat": 1.6722893292353547e-08,
        "relative_max_abs_diff_oneq": 3.136648335675573e-07,
        "max_ref_abs": 0.23753318190574646
      }
    }
  ]
}