{
  "status": "ok",
  "order_mode": "random_sorted",
  "segment_counts": [
    16,
    16,
    16,
    16,
    16,
    16,
    16,
    16,
    16,
    16,
    16,
    16,
    16,
    16,
    16,
    16,
    16,
    16,
    16,
    16,
    16,
    16,
    16,
    16,
    16,
    16,
    16,
    16,
    16,
    16,
    16,
    16
  ],
  "segment_count": 32,
  "tokens_per_segment": 256,
  "key_dim": 128,
  "value_dim": 128,
  "query_count": 4,
  "total_cache_tokens": 8192,
  "selected_tokens": 512,
  "selection_fraction": 0.0625,
  "torch_flat_total_ms": 0.10643136024475097,
  "torch_gather_k_ms": 0.009154559969902039,
  "torch_gather_v_ms": 0.009338240027427674,
  "torch_score_softmax_ms": 0.05601280212402344,
  "torch_value_ms": 0.024310400485992433,
  "torch_component_sum_ms": 0.09881600260734559,
  "best_triton_grouped_ms": 0.030266880989074707,
  "best_triton_grouped_per_query_ms": 0.007566720247268677,
  "best_triton_vs_flat_speedup": 3.5164297333170538,
  "best_oneq_repeated_ms": 0.10661888122558594,
  "best_grouped_vs_best_oneq_repeated_speedup": 3.522625316565379,
  "best_variant": {
    "block_n": 64,
    "block_d": 64,
    "block_v": 64,
    "block_q": 4,
    "warps": 4,
    "num_n_blocks": 8,
    "num_v_blocks": 2,
    "num_q_blocks": 1
  },
  "best_oneq_variant": {
    "block_n": 128,
    "block_d": 64,
    "block_v": 128,
    "warps": 4,
    "num_n_blocks": 4,
    "num_v_blocks": 1
  },
  "order_stats": {
    "order_span_mean": 15.988258361816406,
    "order_span_p95": 45.0,
    "monotonic_fraction": 1.0
  },
  "variant_results": [
    {
      "block_n": 128,
      "block_d": 64,
      "block_v": 64,
      "block_q": 4,
      "warps": 4,
      "num_n_blocks": 4,
      "num_v_blocks": 2,
      "num_q_blocks": 1,
      "status": "ok",
      "triton_grouped_ms": 0.03556735992431641,
      "triton_oneq_repeated_ms": 0.1173299217224121,
      "triton_grouped_per_query_ms": 0.008891839981079102,
      "grouped_vs_flat_speedup": 2.9923885402578567,
      "oneq_repeated_vs_flat_speedup": 0.907111832023158,
      "grouped_vs_oneq_repeated_speedup": 3.298808850926181,
      "validation": {
        "finite_outputs": true,
        "max_abs_diff_grouped_vs_flat": 1.1920928955078125e-07,
        "mean_abs_diff_grouped_vs_flat": 2.3359689294011332e-08,
        "relative_max_abs_diff_grouped": 5.018637337080918e-07,
        "max_abs_diff_oneq_vs_flat": 7.450580596923828e-08,
        "mean_abs_diff_oneq_vs_flat": 1.6745374864512996e-08,
        "relative_max_abs_diff_oneq": 3.136648335675573e-07,
        "max_ref_abs": 0.23753318190574646
      }
    },
    {
      "block_n": 128,
      "block_d": 64,
      "block_v": 128,
      "block_q": 4,
      "warps": 4,
      "num_n_blocks": 4,
      "num_v_blocks": 1,
      "num_q_blocks": 1,
      "status": "ok",
      "triton_grouped_ms": 0.030595200061798097,
      "triton_oneq_repeated_ms": 0.10661888122558594,
      "triton_grouped_per_query_ms": 0.007648800015449524,
      "grouped_vs_flat_speedup": 3.478694698180573,
      "oneq_repeated_vs_flat_speedup": 0.9982412028837725,
      "grouped_vs_oneq_repeated_speedup": 3.4848237962239326,
      "validation": {
        "finite_outputs": true,
        "max_abs_diff_grouped_vs_flat": 1.1920928955078125e-07,
        "mean_abs_diff_grouped_vs_flat": 2.3359689294011332e-08,
        "relative_max_abs_diff_grouped": 5.018637337080918e-07,
        "max_abs_diff_oneq_vs_flat": 7.82310962677002e-08,
        "mean_abs_diff_oneq_vs_flat": 1.6983577211249212e-08,
        "relative_max_abs_diff_oneq": 3.293480752459352e-07,
        "max_ref_abs": 0.23753318190574646
      }
    },
    {
      "block_n": 256,
      "block_d": 64,
      "block_v": 64,
      "block_q": 4,
      "warps": 4,
      "num_n_blocks": 2,
      "num_v_blocks": 2,
      "num_q_blocks": 1,
      "status": "failed",
      "error_type": "OutOfResources",
      "error": "out of resource: shared memory, Required: 133120, Hardware limit: 101376. Reducing block sizes or `num_stages` may help."
    },
    {
      "block_n": 128,
      "block_d": 128,
      "block_v": 64,
      "block_q": 4,
      "warps": 4,
      "num_n_blocks": 4,
      "num_v_blocks": 2,
      "num_q_blocks": 1,
      "status": "ok",
      "triton_grouped_ms": 0.031454079151153565,
      "triton_oneq_repeated_ms": 0.10981760025024415,
      "triton_grouped_per_query_ms": 0.007863519787788391,
      "grouped_vs_flat_speedup": 3.3837061238795685,
      "oneq_repeated_vs_flat_speedup": 0.9691648697678982,
      "grouped_vs_oneq_repeated_speedup": 3.4913627489303445,
      "validation": {
        "finite_outputs": true,
        "max_abs_diff_grouped_vs_flat": 1.1920928955078125e-07,
        "mean_abs_diff_grouped_vs_flat": 2.3359689294011332e-08,
        "relative_max_abs_diff_grouped": 5.018637337080918e-07,
        "max_abs_diff_oneq_vs_flat": 8.940696716308594e-08,
        "mean_abs_diff_oneq_vs_flat": 1.8034299387181818e-08,
        "relative_max_abs_diff_oneq": 3.763978002810688e-07,
        "max_ref_abs": 0.23753318190574646
      }
    },
    {
      "block_n": 128,
      "block_d": 64,
      "block_v": 64,
      "block_q": 4,
      "warps": 8,
      "num_n_blocks": 4,
      "num_v_blocks": 2,
      "num_q_blocks": 1,
      "status": "ok",
      "triton_grouped_ms": 0.031048319339752196,
      "triton_oneq_repeated_ms": 0.10803456306457519,
      "triton_grouped_per_query_ms": 0.007762079834938049,
      "grouped_vs_flat_speedup": 3.427926615933873,
      "oneq_repeated_vs_flat_speedup": 0.9851602785780145,
      "grouped_vs_oneq_repeated_speedup": 3.4795623519065955,
      "validation": {
        "finite_outputs": true,
        "max_abs_diff_grouped_vs_flat": 1.1920928955078125e-07,
        "mean_abs_diff_grouped_vs_flat": 2.3361963030765764e-08,
        "relative_max_abs_diff_grouped": 5.018637337080918e-07,
        "max_abs_diff_oneq_vs_flat": 9.313225746154785e-08,
        "mean_abs_diff_oneq_vs_flat": 1.6994860629893083e-08,
        "relative_max_abs_diff_oneq": 3.920810419594466e-07,
        "max_ref_abs": 0.23753318190574646
      }
    },
    {
      "block_n": 64,
      "block_d": 64,
      "block_v": 64,
      "block_q": 4,
      "warps": 4,
      "num_n_blocks": 8,
      "num_v_blocks": 2,
      "num_q_blocks": 1,
      "status": "ok",
      "triton_grouped_ms": 0.030266880989074707,
      "triton_oneq_repeated_ms": 0.10669631958007812,
      "triton_grouped_per_query_ms": 0.007566720247268677,
      "grouped_vs_flat_speedup": 3.5164297333170538,
      "oneq_repeated_vs_flat_speedup": 0.9975166965798826,
      "grouped_vs_oneq_repeated_speedup": 3.525183834389536,
      "validation": {
        "finite_outputs": true,
        "max_abs_diff_grouped_vs_flat": 1.043081283569336e-07,
        "mean_abs_diff_grouped_vs_flat": 2.264310694499727e-08,
        "relative_max_abs_diff_grouped": 4.391307669945802e-07,
        "max_abs_diff_oneq_vs_flat": 1.043081283569336e-07,
        "mean_abs_diff_oneq_vs_flat": 1.6635439692436194e-08,
        "relative_max_abs_diff_oneq": 4.391307669945802e-07,
        "max_ref_abs": 0.23753318190574646
      }
    }
  ]
}