{
  "status": "ok",
  "token_counts": [
    4,
    4,
    4,
    4
  ],
  "hidden_size": 512,
  "total_elements": 8192,
  "scale": 0.75,
  "warmup": 2,
  "iters": 3,
  "torch_loop_ms": 0.2772586743036906,
  "variants": [
    {
      "block_size": 256,
      "warps": 4,
      "serial_ms": 0.1634666621685028,
      "concurrent_ms": 0.3054719964663188,
      "grouped_ms": 0.034815999368826546,
      "concurrent_vs_serial_speedup": 0.5351281428722602,
      "grouped_vs_serial_speedup": 4.695159269645068,
      "grouped_vs_concurrent_speedup": 8.773897116388147,
      "grouped_vs_torch_speedup": 7.96354203039025
    }
  ],
  "best_grouped_variant": {
    "block_size": 256,
    "warps": 4,
    "serial_ms": 0.1634666621685028,
    "concurrent_ms": 0.3054719964663188,
    "grouped_ms": 0.034815999368826546,
    "concurrent_vs_serial_speedup": 0.5351281428722602,
    "grouped_vs_serial_speedup": 4.695159269645068,
    "grouped_vs_concurrent_speedup": 8.773897116388147,
    "grouped_vs_torch_speedup": 7.96354203039025
  },
  "best_serial_variant": {
    "block_size": 256,
    "warps": 4,
    "serial_ms": 0.1634666621685028,
    "concurrent_ms": 0.3054719964663188,
    "grouped_ms": 0.034815999368826546,
    "concurrent_vs_serial_speedup": 0.5351281428722602,
    "grouped_vs_serial_speedup": 4.695159269645068,
    "grouped_vs_concurrent_speedup": 8.773897116388147,
    "grouped_vs_torch_speedup": 7.96354203039025
  },
  "best_concurrent_variant": {
    "block_size": 256,
    "warps": 4,
    "serial_ms": 0.1634666621685028,
    "concurrent_ms": 0.3054719964663188,
    "grouped_ms": 0.034815999368826546,
    "concurrent_vs_serial_speedup": 0.5351281428722602,
    "grouped_vs_serial_speedup": 4.695159269645068,
    "grouped_vs_concurrent_speedup": 8.773897116388147,
    "grouped_vs_torch_speedup": 7.96354203039025
  },
  "best_grouped_speedup_variant": {
    "block_size": 256,
    "warps": 4,
    "serial_ms": 0.1634666621685028,
    "concurrent_ms": 0.3054719964663188,
    "grouped_ms": 0.034815999368826546,
    "concurrent_vs_serial_speedup": 0.5351281428722602,
    "grouped_vs_serial_speedup": 4.695159269645068,
    "grouped_vs_concurrent_speedup": 8.773897116388147,
    "grouped_vs_torch_speedup": 7.96354203039025
  },
  "best_grouped_differs_from_best_concurrent": false,
  "validation": {
    "finite_outputs": true,
    "max_abs_diff_vs_torch": 0.00390625
  }
}