{
  "status": "ok",
  "order_mode": "random_segment",
  "segment_counts": [
    32,
    32,
    32,
    32,
    32,
    32,
    32,
    32,
    32,
    32,
    32,
    32,
    32,
    32,
    32,
    32,
    32,
    32,
    32,
    32,
    32,
    32,
    32,
    32,
    32,
    32,
    32,
    32,
    32,
    32,
    32,
    32
  ],
  "segment_count": 32,
  "tokens_per_segment": 256,
  "key_dim": 128,
  "value_dim": 128,
  "query_count": 8,
  "total_cache_tokens": 8192,
  "selected_tokens": 1024,
  "selection_fraction": 0.125,
  "torch_flat_total_ms": 0.10338303565979004,
  "torch_gather_k_ms": 0.009666560292243958,
  "torch_gather_v_ms": 0.009722880125045776,
  "torch_score_softmax_ms": 0.053983359336853026,
  "torch_value_ms": 0.022958080768585205,
  "torch_component_sum_ms": 0.09633088052272797,
  "best_triton_grouped_ms": 0.031498239040374756,
  "best_triton_grouped_per_query_ms": 0.0039372798800468446,
  "best_triton_vs_flat_speedup": 3.2821846175994995,
  "best_oneq_repeated_ms": 0.2520473670959473,
  "best_grouped_vs_best_oneq_repeated_speedup": 8.001951054243714,
  "best_variant": {
    "block_n": 128,
    "block_d": 64,
    "block_v": 64,
    "block_q": 4,
    "warps": 4,
    "num_n_blocks": 8,
    "num_v_blocks": 2,
    "num_q_blocks": 2
  },
  "best_oneq_variant": {
    "block_n": 128,
    "block_d": 64,
    "block_v": 64,
    "warps": 8,
    "num_n_blocks": 8,
    "num_v_blocks": 2
  },
  "order_stats": {
    "order_span_mean": 92.69012451171875,
    "order_span_p95": 212.0,
    "monotonic_fraction": 0.5200390815734863
  },
  "variant_results": [
    {
      "block_n": 128,
      "block_d": 64,
      "block_v": 64,
      "block_q": 4,
      "warps": 4,
      "num_n_blocks": 8,
      "num_v_blocks": 2,
      "num_q_blocks": 2,
      "status": "ok",
      "triton_grouped_ms": 0.031498239040374756,
      "triton_oneq_repeated_ms": 0.30500864028930663,
      "triton_grouped_per_query_ms": 0.0039372798800468446,
      "grouped_vs_flat_speedup": 3.2821846175994995,
      "oneq_repeated_vs_flat_speedup": 0.33895117056923113,
      "grouped_vs_oneq_repeated_speedup": 9.683355310699863,
      "validation": {
        "finite_outputs": true,
        "max_abs_diff_grouped_vs_flat": 9.685754776000977e-08,
        "mean_abs_diff_grouped_vs_flat": 1.810206384789126e-08,
        "relative_max_abs_diff_grouped": 4.3465180612202386e-07,
        "max_abs_diff_oneq_vs_flat": 8.940696716308594e-08,
        "mean_abs_diff_oneq_vs_flat": 1.3139711541043653e-08,
        "relative_max_abs_diff_oneq": 4.0121705180494514e-07,
        "max_ref_abs": 0.22283940017223358
      }
    },
    {
      "block_n": 128,
      "block_d": 64,
      "block_v": 128,
      "block_q": 4,
      "warps": 4,
      "num_n_blocks": 8,
      "num_v_blocks": 1,
      "num_q_blocks": 2,
      "status": "ok",
      "triton_grouped_ms": 0.05015552043914795,
      "triton_oneq_repeated_ms": 0.3287449645996094,
      "triton_grouped_per_query_ms": 0.006269440054893494,
      "grouped_vs_flat_speedup": 2.061249385004813,
      "oneq_repeated_vs_flat_speedup": 0.3144779290709564,
      "grouped_vs_oneq_repeated_speedup": 6.554512080050388,
      "validation": {
        "finite_outputs": true,
        "max_abs_diff_grouped_vs_flat": 9.685754776000977e-08,
        "mean_abs_diff_grouped_vs_flat": 1.810206384789126e-08,
        "relative_max_abs_diff_grouped": 4.3465180612202386e-07,
        "max_abs_diff_oneq_vs_flat": 8.940696716308594e-08,
        "mean_abs_diff_oneq_vs_flat": 1.3155933231701056e-08,
        "relative_max_abs_diff_oneq": 4.0121705180494514e-07,
        "max_ref_abs": 0.22283940017223358
      }
    },
    {
      "block_n": 256,
      "block_d": 64,
      "block_v": 64,
      "block_q": 4,
      "warps": 4,
      "num_n_blocks": 4,
      "num_v_blocks": 2,
      "num_q_blocks": 2,
      "status": "failed",
      "error_type": "OutOfResources",
      "error": "out of resource: shared memory, Required: 133120, Hardware limit: 101376. Reducing block sizes or `num_stages` may help."
    },
    {
      "block_n": 128,
      "block_d": 128,
      "block_v": 64,
      "block_q": 4,
      "warps": 4,
      "num_n_blocks": 8,
      "num_v_blocks": 2,
      "num_q_blocks": 2,
      "status": "ok",
      "triton_grouped_ms": 0.03453183889389038,
      "triton_oneq_repeated_ms": 0.2610617637634277,
      "triton_grouped_per_query_ms": 0.004316479861736298,
      "grouped_vs_flat_speedup": 2.9938468083749026,
      "oneq_repeated_vs_flat_speedup": 0.3960098720296512,
      "grouped_vs_oneq_repeated_speedup": 7.5600307462808365,
      "validation": {
        "finite_outputs": true,
        "max_abs_diff_grouped_vs_flat": 9.685754776000977e-08,
        "mean_abs_diff_grouped_vs_flat": 1.810206384789126e-08,
        "relative_max_abs_diff_grouped": 4.3465180612202386e-07,
        "max_abs_diff_oneq_vs_flat": 6.332993507385254e-08,
        "mean_abs_diff_oneq_vs_flat": 1.299299157153655e-08,
        "relative_max_abs_diff_oneq": 2.8419541169516946e-07,
        "max_ref_abs": 0.22283940017223358
      }
    },
    {
      "block_n": 128,
      "block_d": 64,
      "block_v": 64,
      "block_q": 4,
      "warps": 8,
      "num_n_blocks": 8,
      "num_v_blocks": 2,
      "num_q_blocks": 2,
      "status": "ok",
      "triton_grouped_ms": 0.03446784019470215,
      "triton_oneq_repeated_ms": 0.2520473670959473,
      "triton_grouped_per_query_ms": 0.004308480024337769,
      "grouped_vs_flat_speedup": 2.999405680071606,
      "oneq_repeated_vs_flat_speedup": 0.4101730434677981,
      "grouped_vs_oneq_repeated_speedup": 7.31253730063098,
      "validation": {
        "finite_outputs": true,
        "max_abs_diff_grouped_vs_flat": 1.1175870895385742e-07,
        "mean_abs_diff_grouped_vs_flat": 1.838535723663881e-08,
        "relative_max_abs_diff_grouped": 5.015213147561814e-07,
        "max_abs_diff_oneq_vs_flat": 8.195638656616211e-08,
        "mean_abs_diff_oneq_vs_flat": 1.2975654328784003e-08,
        "relative_max_abs_diff_oneq": 3.6778229748786636e-07,
        "max_ref_abs": 0.22283940017223358
      }
    },
    {
      "block_n": 64,
      "block_d": 64,
      "block_v": 64,
      "block_q": 4,
      "warps": 4,
      "num_n_blocks": 16,
      "num_v_blocks": 2,
      "num_q_blocks": 2,
      "status": "ok",
      "triton_grouped_ms": 0.03502079963684082,
      "triton_oneq_repeated_ms": 0.25325759887695315,
      "triton_grouped_per_query_ms": 0.004377599954605103,
      "grouped_vs_flat_speedup": 2.952046690305558,
      "oneq_repeated_vs_flat_speedup": 0.408212966237666,
      "grouped_vs_oneq_repeated_speedup": 7.231633814852526,
      "validation": {
        "finite_outputs": true,
        "max_abs_diff_grouped_vs_flat": 1.341104507446289e-07,
        "mean_abs_diff_grouped_vs_flat": 1.845677388701006e-08,
        "relative_max_abs_diff_grouped": 6.018255777074177e-07,
        "max_abs_diff_oneq_vs_flat": 7.450580596923828e-08,
        "mean_abs_diff_oneq_vs_flat": 1.328674414935449e-08,
        "relative_max_abs_diff_oneq": 3.343475431707876e-07,
        "max_ref_abs": 0.22283940017223358
      }
    }
  ]
}