{
  "status": "ok",
  "order_mode": "random_segment",
  "segment_counts": [
    16,
    16,
    16,
    16,
    16,
    16,
    16,
    16,
    16,
    16,
    16,
    16,
    16,
    16,
    16,
    16,
    16,
    16,
    16,
    16,
    16,
    16,
    16,
    16,
    16,
    16,
    16,
    16,
    16,
    16,
    16,
    16
  ],
  "segment_count": 32,
  "tokens_per_segment": 256,
  "key_dim": 128,
  "value_dim": 128,
  "query_count": 4,
  "total_cache_tokens": 8192,
  "selected_tokens": 512,
  "selection_fraction": 0.0625,
  "torch_flat_total_ms": 0.10381759643554687,
  "torch_gather_k_ms": 0.009934080243110656,
  "torch_gather_v_ms": 0.010308480262756348,
  "torch_score_softmax_ms": 0.05521791934967041,
  "torch_value_ms": 0.02371583938598633,
  "torch_component_sum_ms": 0.09917631924152374,
  "best_triton_grouped_ms": 0.03190783977508545,
  "best_triton_grouped_per_query_ms": 0.007976959943771362,
  "best_triton_vs_flat_speedup": 3.2536704824690332,
  "best_oneq_repeated_ms": 0.10776576042175293,
  "best_grouped_vs_best_oneq_repeated_speedup": 3.3774069689888413,
  "best_variant": {
    "block_n": 128,
    "block_d": 64,
    "block_v": 64,
    "block_q": 4,
    "warps": 8,
    "num_n_blocks": 4,
    "num_v_blocks": 2,
    "num_q_blocks": 1
  },
  "best_oneq_variant": {
    "block_n": 128,
    "block_d": 64,
    "block_v": 64,
    "warps": 8,
    "num_n_blocks": 4,
    "num_v_blocks": 2
  },
  "order_stats": {
    "order_span_mean": 95.54402923583984,
    "order_span_p95": 229.0,
    "monotonic_fraction": 0.534246563911438
  },
  "variant_results": [
    {
      "block_n": 128,
      "block_d": 64,
      "block_v": 64,
      "block_q": 4,
      "warps": 4,
      "num_n_blocks": 4,
      "num_v_blocks": 2,
      "num_q_blocks": 1,
      "status": "ok",
      "triton_grouped_ms": 0.05025919914245605,
      "triton_oneq_repeated_ms": 0.16068607330322265,
      "triton_grouped_per_query_ms": 0.012564799785614013,
      "grouped_vs_flat_speedup": 2.065643667366912,
      "oneq_repeated_vs_flat_speedup": 0.6460895726765187,
      "grouped_vs_oneq_repeated_speedup": 3.1971475082157528,
      "validation": {
        "finite_outputs": true,
        "max_abs_diff_grouped_vs_flat": 1.341104507446289e-07,
        "mean_abs_diff_grouped_vs_flat": 2.289131373345299e-08,
        "relative_max_abs_diff_grouped": 5.645968066781012e-07,
        "max_abs_diff_oneq_vs_flat": 7.450580596923828e-08,
        "mean_abs_diff_oneq_vs_flat": 1.6180905504370457e-08,
        "relative_max_abs_diff_oneq": 3.136648925989451e-07,
        "max_ref_abs": 0.23753313720226288
      }
    },
    {
      "block_n": 128,
      "block_d": 64,
      "block_v": 128,
      "block_q": 4,
      "warps": 4,
      "num_n_blocks": 4,
      "num_v_blocks": 1,
      "num_q_blocks": 1,
      "status": "ok",
      "triton_grouped_ms": 0.04632319927215576,
      "triton_oneq_repeated_ms": 0.15966208457946776,
      "triton_grouped_per_query_ms": 0.01158079981803894,
      "grouped_vs_flat_speedup": 2.241157736658103,
      "oneq_repeated_vs_flat_speedup": 0.6502332517390771,
      "grouped_vs_oneq_repeated_speedup": 3.4466981358828224,
      "validation": {
        "finite_outputs": true,
        "max_abs_diff_grouped_vs_flat": 1.341104507446289e-07,
        "mean_abs_diff_grouped_vs_flat": 2.289131373345299e-08,
        "relative_max_abs_diff_grouped": 5.645968066781012e-07,
        "max_abs_diff_oneq_vs_flat": 8.568167686462402e-08,
        "mean_abs_diff_oneq_vs_flat": 1.694955642506102e-08,
        "relative_max_abs_diff_oneq": 3.607146264887869e-07,
        "max_ref_abs": 0.23753313720226288
      }
    },
    {
      "block_n": 256,
      "block_d": 64,
      "block_v": 64,
      "block_q": 4,
      "warps": 4,
      "num_n_blocks": 2,
      "num_v_blocks": 2,
      "num_q_blocks": 1,
      "status": "failed",
      "error_type": "OutOfResources",
      "error": "out of resource: shared memory, Required: 133120, Hardware limit: 101376. Reducing block sizes or `num_stages` may help."
    },
    {
      "block_n": 128,
      "block_d": 128,
      "block_v": 64,
      "block_q": 4,
      "warps": 4,
      "num_n_blocks": 4,
      "num_v_blocks": 2,
      "num_q_blocks": 1,
      "status": "ok",
      "triton_grouped_ms": 0.04867584228515625,
      "triton_oneq_repeated_ms": 0.13264896392822265,
      "triton_grouped_per_query_ms": 0.012168960571289062,
      "grouped_vs_flat_speedup": 2.132836157767036,
      "oneq_repeated_vs_flat_speedup": 0.7826491316714946,
      "grouped_vs_oneq_repeated_speedup": 2.7251498423207376,
      "validation": {
        "finite_outputs": true,
        "max_abs_diff_grouped_vs_flat": 1.341104507446289e-07,
        "mean_abs_diff_grouped_vs_flat": 2.289131373345299e-08,
        "relative_max_abs_diff_grouped": 5.645968066781012e-07,
        "max_abs_diff_oneq_vs_flat": 7.450580596923828e-08,
        "mean_abs_diff_oneq_vs_flat": 1.6991648976727447e-08,
        "relative_max_abs_diff_oneq": 3.136648925989451e-07,
        "max_ref_abs": 0.23753313720226288
      }
    },
    {
      "block_n": 128,
      "block_d": 64,
      "block_v": 64,
      "block_q": 4,
      "warps": 8,
      "num_n_blocks": 4,
      "num_v_blocks": 2,
      "num_q_blocks": 1,
      "status": "ok",
      "triton_grouped_ms": 0.03190783977508545,
      "triton_oneq_repeated_ms": 0.10776576042175293,
      "triton_grouped_per_query_ms": 0.007976959943771362,
      "grouped_vs_flat_speedup": 3.2536704824690332,
      "oneq_repeated_vs_flat_speedup": 0.963363465624383,
      "grouped_vs_oneq_repeated_speedup": 3.3774069689888413,
      "validation": {
        "finite_outputs": true,
        "max_abs_diff_grouped_vs_flat": 1.341104507446289e-07,
        "mean_abs_diff_grouped_vs_flat": 2.289131373345299e-08,
        "relative_max_abs_diff_grouped": 5.645968066781012e-07,
        "max_abs_diff_oneq_vs_flat": 7.450580596923828e-08,
        "mean_abs_diff_oneq_vs_flat": 1.665411275553197e-08,
        "relative_max_abs_diff_oneq": 3.136648925989451e-07,
        "max_ref_abs": 0.23753313720226288
      }
    },
    {
      "block_n": 64,
      "block_d": 64,
      "block_v": 64,
      "block_q": 4,
      "warps": 4,
      "num_n_blocks": 8,
      "num_v_blocks": 2,
      "num_q_blocks": 1,
      "status": "ok",
      "triton_grouped_ms": 0.033191680908203125,
      "triton_oneq_repeated_ms": 0.12210176467895507,
      "triton_grouped_per_query_ms": 0.008297920227050781,
      "grouped_vs_flat_speedup": 3.1278197908286405,
      "oneq_repeated_vs_flat_speedup": 0.8502546765684904,
      "grouped_vs_oneq_repeated_speedup": 3.678685783243305,
      "validation": {
        "finite_outputs": true,
        "max_abs_diff_grouped_vs_flat": 1.0058283805847168e-07,
        "mean_abs_diff_grouped_vs_flat": 2.1966201302348054e-08,
        "relative_max_abs_diff_grouped": 4.2344760500857593e-07,
        "max_abs_diff_oneq_vs_flat": 7.82310962677002e-08,
        "mean_abs_diff_oneq_vs_flat": 1.5572766187688103e-08,
        "relative_max_abs_diff_oneq": 3.293481372288924e-07,
        "max_ref_abs": 0.23753313720226288
      }
    }
  ]
}