{
  "status": "ok",
  "order_mode": "random_sorted",
  "segment_counts": [
    32,
    32,
    32,
    32,
    32,
    32,
    32,
    32,
    32,
    32,
    32,
    32,
    32,
    32,
    32,
    32,
    32,
    32,
    32,
    32,
    32,
    32,
    32,
    32,
    32,
    32,
    32,
    32,
    32,
    32,
    32,
    32
  ],
  "segment_count": 32,
  "tokens_per_segment": 256,
  "key_dim": 128,
  "value_dim": 128,
  "query_count": 4,
  "total_cache_tokens": 8192,
  "selected_tokens": 1024,
  "selection_fraction": 0.125,
  "torch_flat_total_ms": 0.12277759552001953,
  "torch_gather_k_ms": 0.011730560064315797,
  "torch_gather_v_ms": 0.015256320238113403,
  "torch_score_softmax_ms": 0.06459392070770263,
  "torch_value_ms": 0.028590080738067628,
  "torch_component_sum_ms": 0.12017088174819945,
  "best_triton_grouped_ms": 0.04294655799865723,
  "best_triton_grouped_per_query_ms": 0.010736639499664307,
  "best_triton_vs_flat_speedup": 2.8588459993431443,
  "best_oneq_repeated_ms": 0.14700608253479003,
  "best_grouped_vs_best_oneq_repeated_speedup": 3.4230003377543397,
  "best_variant": {
    "block_n": 128,
    "block_d": 128,
    "block_v": 64,
    "block_q": 4,
    "warps": 4,
    "num_n_blocks": 8,
    "num_v_blocks": 2,
    "num_q_blocks": 1
  },
  "best_oneq_variant": {
    "block_n": 128,
    "block_d": 64,
    "block_v": 64,
    "warps": 4,
    "num_n_blocks": 8,
    "num_v_blocks": 2
  },
  "order_stats": {
    "order_span_mean": 7.995112419128418,
    "order_span_p95": 22.0,
    "monotonic_fraction": 1.0
  },
  "variant_results": [
    {
      "block_n": 128,
      "block_d": 64,
      "block_v": 64,
      "block_q": 4,
      "warps": 4,
      "num_n_blocks": 8,
      "num_v_blocks": 2,
      "num_q_blocks": 1,
      "status": "ok",
      "triton_grouped_ms": 0.04372223854064941,
      "triton_oneq_repeated_ms": 0.14700608253479003,
      "triton_grouped_per_query_ms": 0.010930559635162353,
      "grouped_vs_flat_speedup": 2.808126930780793,
      "oneq_repeated_vs_flat_speedup": 0.8351871800336108,
      "grouped_vs_oneq_repeated_speedup": 3.3622725514869427,
      "validation": {
        "finite_outputs": true,
        "max_abs_diff_grouped_vs_flat": 6.705522537231445e-08,
        "mean_abs_diff_grouped_vs_flat": 1.8730602846517286e-08,
        "relative_max_abs_diff_grouped": 3.437591931712007e-07,
        "max_abs_diff_oneq_vs_flat": 6.705522537231445e-08,
        "mean_abs_diff_oneq_vs_flat": 1.3135291965227225e-08,
        "relative_max_abs_diff_oneq": 3.437591931712007e-07,
        "max_ref_abs": 0.19506452977657318
      }
    },
    {
      "block_n": 128,
      "block_d": 64,
      "block_v": 128,
      "block_q": 4,
      "warps": 4,
      "num_n_blocks": 8,
      "num_v_blocks": 1,
      "num_q_blocks": 1,
      "status": "ok",
      "triton_grouped_ms": 0.04303167819976807,
      "triton_oneq_repeated_ms": 0.15921152114868165,
      "triton_grouped_per_query_ms": 0.010757919549942017,
      "grouped_vs_flat_speedup": 2.853190966665141,
      "oneq_repeated_vs_flat_speedup": 0.771160244146918,
      "grouped_vs_oneq_repeated_speedup": 3.699867813882745,
      "validation": {
        "finite_outputs": true,
        "max_abs_diff_grouped_vs_flat": 6.705522537231445e-08,
        "mean_abs_diff_grouped_vs_flat": 1.8730602846517286e-08,
        "relative_max_abs_diff_grouped": 3.437591931712007e-07,
        "max_abs_diff_oneq_vs_flat": 7.450580596923828e-08,
        "mean_abs_diff_oneq_vs_flat": 1.3262436482364137e-08,
        "relative_max_abs_diff_oneq": 3.819546590791119e-07,
        "max_ref_abs": 0.19506452977657318
      }
    },
    {
      "block_n": 256,
      "block_d": 64,
      "block_v": 64,
      "block_q": 4,
      "warps": 4,
      "num_n_blocks": 4,
      "num_v_blocks": 2,
      "num_q_blocks": 1,
      "status": "failed",
      "error_type": "OutOfResources",
      "error": "out of resource: shared memory, Required: 133120, Hardware limit: 101376. Reducing block sizes or `num_stages` may help."
    },
    {
      "block_n": 128,
      "block_d": 128,
      "block_v": 64,
      "block_q": 4,
      "warps": 4,
      "num_n_blocks": 8,
      "num_v_blocks": 2,
      "num_q_blocks": 1,
      "status": "ok",
      "triton_grouped_ms": 0.04294655799865723,
      "triton_oneq_repeated_ms": 0.14835712432861328,
      "triton_grouped_per_query_ms": 0.010736639499664307,
      "grouped_vs_flat_speedup": 2.8588459993431443,
      "oneq_repeated_vs_flat_speedup": 0.8275813923709204,
      "grouped_vs_oneq_repeated_speedup": 3.4544590123672267,
      "validation": {
        "finite_outputs": true,
        "max_abs_diff_grouped_vs_flat": 6.705522537231445e-08,
        "mean_abs_diff_grouped_vs_flat": 1.8730602846517286e-08,
        "relative_max_abs_diff_grouped": 3.437591931712007e-07,
        "max_abs_diff_oneq_vs_flat": 6.332993507385254e-08,
        "mean_abs_diff_oneq_vs_flat": 1.2931010928696196e-08,
        "relative_max_abs_diff_oneq": 3.246614602172451e-07,
        "max_ref_abs": 0.19506452977657318
      }
    },
    {
      "block_n": 128,
      "block_d": 64,
      "block_v": 64,
      "block_q": 4,
      "warps": 8,
      "num_n_blocks": 8,
      "num_v_blocks": 2,
      "num_q_blocks": 1,
      "status": "ok",
      "triton_grouped_ms": 0.047325439453125,
      "triton_oneq_repeated_ms": 0.15034111976623535,
      "triton_grouped_per_query_ms": 0.01183135986328125,
      "grouped_vs_flat_speedup": 2.594325524259073,
      "oneq_repeated_vs_flat_speedup": 0.8166601107596232,
      "grouped_vs_oneq_repeated_speedup": 3.1767506335603186,
      "validation": {
        "finite_outputs": true,
        "max_abs_diff_grouped_vs_flat": 6.705522537231445e-08,
        "mean_abs_diff_grouped_vs_flat": 1.8730602846517286e-08,
        "relative_max_abs_diff_grouped": 3.437591931712007e-07,
        "max_abs_diff_oneq_vs_flat": 5.960464477539063e-08,
        "mean_abs_diff_oneq_vs_flat": 1.2944312288709625e-08,
        "relative_max_abs_diff_oneq": 3.055637272632895e-07,
        "max_ref_abs": 0.19506452977657318
      }
    },
    {
      "block_n": 64,
      "block_d": 64,
      "block_v": 64,
      "block_q": 4,
      "warps": 4,
      "num_n_blocks": 16,
      "num_v_blocks": 2,
      "num_q_blocks": 1,
      "status": "ok",
      "triton_grouped_ms": 0.04812416076660156,
      "triton_oneq_repeated_ms": 0.15681535720825196,
      "triton_grouped_per_query_ms": 0.01203104019165039,
      "grouped_vs_flat_speedup": 2.551267254622503,
      "oneq_repeated_vs_flat_speedup": 0.7829436970064735,
      "grouped_vs_oneq_repeated_speedup": 3.2585577537402526,
      "validation": {
        "finite_outputs": true,
        "max_abs_diff_grouped_vs_flat": 7.450580596923828e-08,
        "mean_abs_diff_grouped_vs_flat": 1.7973263766180025e-08,
        "relative_max_abs_diff_grouped": 3.819546590791119e-07,
        "max_abs_diff_oneq_vs_flat": 6.705522537231445e-08,
        "mean_abs_diff_oneq_vs_flat": 1.2581281794155075e-08,
        "relative_max_abs_diff_oneq": 3.437591931712007e-07,
        "max_ref_abs": 0.19506452977657318
      }
    }
  ]
}