{
  "status": "ok",
  "token_counts": [
    160,
    64,
    24,
    8
  ],
  "hidden_size": 2048,
  "ffn_size": 4096,
  "max_tokens": 160,
  "actual_tokens": 256,
  "padded_tokens": 640,
  "padding_overhead": 2.5,
  "warmup": 20,
  "iters": 80,
  "expert_loop_ms": 0.24094719886779786,
  "grouped_bmm_ms": 0.22321679592132568,
  "grouped_speedup": 1.0794313119373034,
  "validation": {
    "finite_outputs": true,
    "max_abs_diff_vs_loop": 8.0,
    "max_ref_abs": 9152.0,
    "relative_max_abs_diff": 0.0008741258741258741
  }
}