{
  "status": "ok",
  "order_mode": "random_shuffled",
  "segment_counts": [
    64,
    64,
    64,
    64,
    64,
    64,
    64,
    64,
    64,
    64,
    64,
    64,
    64,
    64,
    64,
    64,
    64,
    64,
    64,
    64,
    64,
    64,
    64,
    64,
    64,
    64,
    64,
    64,
    64,
    64,
    64,
    64
  ],
  "segment_count": 32,
  "tokens_per_segment": 256,
  "key_dim": 128,
  "value_dim": 128,
  "query_count": 4,
  "total_cache_tokens": 8192,
  "selected_tokens": 2048,
  "selection_fraction": 0.25,
  "torch_flat_total_ms": 0.13336576461791994,
  "torch_gather_k_ms": 0.013455359935760499,
  "torch_gather_v_ms": 0.013374719619750976,
  "torch_score_softmax_ms": 0.07450623989105225,
  "torch_value_ms": 0.031231999397277832,
  "torch_component_sum_ms": 0.13256831884384157,
  "best_triton_grouped_ms": 0.03090496063232422,
  "best_triton_grouped_per_query_ms": 0.007726240158081055,
  "best_triton_vs_flat_speedup": 4.315351383377255,
  "best_oneq_repeated_ms": 0.10504768371582031,
  "best_grouped_vs_best_oneq_repeated_speedup": 3.399055736248002,
  "best_variant": {
    "block_n": 64,
    "block_d": 64,
    "block_v": 64,
    "block_q": 4,
    "warps": 4,
    "num_n_blocks": 32,
    "num_v_blocks": 2,
    "num_q_blocks": 1
  },
  "best_oneq_variant": {
    "block_n": 128,
    "block_d": 64,
    "block_v": 64,
    "warps": 8,
    "num_n_blocks": 16,
    "num_v_blocks": 2
  },
  "order_stats": {
    "order_span_mean": 2770.884765625,
    "order_span_p95": 6488.8994140625,
    "monotonic_fraction": 0.5017098188400269
  },
  "variant_results": [
    {
      "block_n": 128,
      "block_d": 64,
      "block_v": 64,
      "block_q": 4,
      "warps": 4,
      "num_n_blocks": 16,
      "num_v_blocks": 2,
      "num_q_blocks": 1,
      "status": "ok",
      "triton_grouped_ms": 0.03557440042495728,
      "triton_oneq_repeated_ms": 0.10953023910522461,
      "triton_grouped_per_query_ms": 0.00889360010623932,
      "grouped_vs_flat_speedup": 3.7489251547401197,
      "oneq_repeated_vs_flat_speedup": 1.2176159360868077,
      "grouped_vs_oneq_repeated_speedup": 3.078906117793162,
      "validation": {
        "finite_outputs": true,
        "max_abs_diff_grouped_vs_flat": 7.916241884231567e-08,
        "mean_abs_diff_grouped_vs_flat": 1.591068610196089e-08,
        "relative_max_abs_diff_grouped": 6.331668089727693e-07,
        "max_abs_diff_oneq_vs_flat": 6.51925802230835e-08,
        "mean_abs_diff_oneq_vs_flat": 1.2676196092797909e-08,
        "relative_max_abs_diff_oneq": 5.214314897422806e-07,
        "max_ref_abs": 0.1250261664390564
      }
    },
    {
      "block_n": 128,
      "block_d": 64,
      "block_v": 128,
      "block_q": 4,
      "warps": 4,
      "num_n_blocks": 16,
      "num_v_blocks": 1,
      "num_q_blocks": 1,
      "status": "ok",
      "triton_grouped_ms": 0.03161407947540283,
      "triton_oneq_repeated_ms": 0.10561535835266113,
      "triton_grouped_per_query_ms": 0.007903519868850708,
      "grouped_vs_flat_speedup": 4.218555998813265,
      "oneq_repeated_vs_flat_speedup": 1.2627497240751406,
      "grouped_vs_oneq_repeated_speedup": 3.3407696856976212,
      "validation": {
        "finite_outputs": true,
        "max_abs_diff_grouped_vs_flat": 7.916241884231567e-08,
        "mean_abs_diff_grouped_vs_flat": 1.591068610196089e-08,
        "relative_max_abs_diff_grouped": 6.331668089727693e-07,
        "max_abs_diff_oneq_vs_flat": 6.705522537231445e-08,
        "mean_abs_diff_oneq_vs_flat": 1.2818787809010246e-08,
        "relative_max_abs_diff_oneq": 5.363295323063457e-07,
        "max_ref_abs": 0.1250261664390564
      }
    },
    {
      "block_n": 256,
      "block_d": 64,
      "block_v": 64,
      "block_q": 4,
      "warps": 4,
      "num_n_blocks": 8,
      "num_v_blocks": 2,
      "num_q_blocks": 1,
      "status": "failed",
      "error_type": "OutOfResources",
      "error": "out of resource: shared memory, Required: 133120, Hardware limit: 101376. Reducing block sizes or `num_stages` may help."
    },
    {
      "block_n": 128,
      "block_d": 128,
      "block_v": 64,
      "block_q": 4,
      "warps": 4,
      "num_n_blocks": 16,
      "num_v_blocks": 2,
      "num_q_blocks": 1,
      "status": "ok",
      "triton_grouped_ms": 0.03381759881973267,
      "triton_oneq_repeated_ms": 0.11283136367797851,
      "triton_grouped_per_query_ms": 0.008454399704933167,
      "grouped_vs_flat_speedup": 3.943679305229105,
      "oneq_repeated_vs_flat_speedup": 1.1819919592441224,
      "grouped_vs_oneq_repeated_speedup": 3.33646880961108,
      "validation": {
        "finite_outputs": true,
        "max_abs_diff_grouped_vs_flat": 7.916241884231567e-08,
        "mean_abs_diff_grouped_vs_flat": 1.591068610196089e-08,
        "relative_max_abs_diff_grouped": 6.331668089727693e-07,
        "max_abs_diff_oneq_vs_flat": 7.450580596923828e-08,
        "mean_abs_diff_oneq_vs_flat": 1.2073712696292205e-08,
        "relative_max_abs_diff_oneq": 5.959217025626063e-07,
        "max_ref_abs": 0.1250261664390564
      }
    },
    {
      "block_n": 128,
      "block_d": 64,
      "block_v": 64,
      "block_q": 4,
      "warps": 8,
      "num_n_blocks": 16,
      "num_v_blocks": 2,
      "num_q_blocks": 1,
      "status": "ok",
      "triton_grouped_ms": 0.03203072071075439,
      "triton_oneq_repeated_ms": 0.10504768371582031,
      "triton_grouped_per_query_ms": 0.008007680177688598,
      "grouped_vs_flat_speedup": 4.163682916230544,
      "oneq_repeated_vs_flat_speedup": 1.2695735869693896,
      "grouped_vs_oneq_repeated_speedup": 3.2795916353062355,
      "validation": {
        "finite_outputs": true,
        "max_abs_diff_grouped_vs_flat": 7.916241884231567e-08,
        "mean_abs_diff_grouped_vs_flat": 1.591068610196089e-08,
        "relative_max_abs_diff_grouped": 6.331668089727693e-07,
        "max_abs_diff_oneq_vs_flat": 6.798654794692993e-08,
        "mean_abs_diff_oneq_vs_flat": 1.253032166914636e-08,
        "relative_max_abs_diff_oneq": 5.437785535883783e-07,
        "max_ref_abs": 0.1250261664390564
      }
    },
    {
      "block_n": 64,
      "block_d": 64,
      "block_v": 64,
      "block_q": 4,
      "warps": 4,
      "num_n_blocks": 32,
      "num_v_blocks": 2,
      "num_q_blocks": 1,
      "status": "ok",
      "triton_grouped_ms": 0.03090496063232422,
      "triton_oneq_repeated_ms": 0.1062502384185791,
      "triton_grouped_per_query_ms": 0.007726240158081055,
      "grouped_vs_flat_speedup": 4.315351383377255,
      "oneq_repeated_vs_flat_speedup": 1.2552043798011785,
      "grouped_vs_oneq_repeated_speedup": 3.43796711740346,
      "validation": {
        "finite_outputs": true,
        "max_abs_diff_grouped_vs_flat": 6.891787052154541e-08,
        "mean_abs_diff_grouped_vs_flat": 1.5734116232124506e-08,
        "relative_max_abs_diff_grouped": 5.512275748704108e-07,
        "max_abs_diff_oneq_vs_flat": 6.705522537231445e-08,
        "mean_abs_diff_oneq_vs_flat": 1.3042622981629393e-08,
        "relative_max_abs_diff_oneq": 5.363295323063457e-07,
        "max_ref_abs": 0.1250261664390564
      }
    }
  ]
}