{
  "status": "ok",
  "device": "cuda",
  "matrix_size": 4096,
  "vector_rows": 32768,
  "vector_cols": 256,
  "warmup": 10,
  "iters": 50,
  "isolated_ms": {
    "compute_gemm": 0.9204326629638672,
    "elementwise": 0.014397439956665039,
    "reduction": 0.013104000091552735
  },
  "sum_isolated_ms": 0.9479341030120849,
  "serial_ms": 0.9923788452148438,
  "multistream_ms": 0.9750745391845703,
  "cuda_graph_serial_ms": 0.9640140533447266,
  "overlap_ratio": -0.028631142276921873,
  "serial_speedup": 1.0177466494456358,
  "graph_speedup": 1.0294236290142278,
  "finite_outputs": true
}