{
  "status": "ok",
  "order_mode": "random_shuffled",
  "segment_counts": [
    32,
    32,
    32,
    32,
    32,
    32,
    32,
    32,
    32,
    32,
    32,
    32,
    32,
    32,
    32,
    32,
    32,
    32,
    32,
    32,
    32,
    32,
    32,
    32,
    32,
    32,
    32,
    32,
    32,
    32,
    32,
    32
  ],
  "segment_count": 32,
  "tokens_per_segment": 256,
  "key_dim": 128,
  "value_dim": 128,
  "query_count": 4,
  "total_cache_tokens": 8192,
  "selected_tokens": 1024,
  "selection_fraction": 0.125,
  "torch_flat_total_ms": 0.13059776306152343,
  "torch_gather_k_ms": 0.0122707200050354,
  "torch_gather_v_ms": 0.012881920337677003,
  "torch_score_softmax_ms": 0.06537216186523437,
  "torch_value_ms": 0.02920831918716431,
  "torch_component_sum_ms": 0.11973312139511108,
  "best_triton_grouped_ms": 0.04325376033782959,
  "best_triton_grouped_per_query_ms": 0.010813440084457398,
  "best_triton_vs_flat_speedup": 3.019338943978544,
  "best_oneq_repeated_ms": 0.14749695777893065,
  "best_grouped_vs_best_oneq_repeated_speedup": 3.4100378008043455,
  "best_variant": {
    "block_n": 128,
    "block_d": 64,
    "block_v": 64,
    "block_q": 4,
    "warps": 8,
    "num_n_blocks": 8,
    "num_v_blocks": 2,
    "num_q_blocks": 1
  },
  "best_oneq_variant": {
    "block_n": 128,
    "block_d": 128,
    "block_v": 64,
    "warps": 4,
    "num_n_blocks": 8,
    "num_v_blocks": 2
  },
  "order_stats": {
    "order_span_mean": 2767.726318359375,
    "order_span_p95": 6324.39990234375,
    "monotonic_fraction": 0.5112414360046387
  },
  "variant_results": [
    {
      "block_n": 128,
      "block_d": 64,
      "block_v": 64,
      "block_q": 4,
      "warps": 4,
      "num_n_blocks": 8,
      "num_v_blocks": 2,
      "num_q_blocks": 1,
      "status": "ok",
      "triton_grouped_ms": 0.046348800659179686,
      "triton_oneq_repeated_ms": 0.16582656860351563,
      "triton_grouped_per_query_ms": 0.011587200164794921,
      "grouped_vs_flat_speedup": 2.8177161265047252,
      "oneq_repeated_vs_flat_speedup": 0.7875563256318546,
      "grouped_vs_oneq_repeated_speedup": 3.5777963236395545,
      "validation": {
        "finite_outputs": true,
        "max_abs_diff_grouped_vs_flat": 8.195638656616211e-08,
        "mean_abs_diff_grouped_vs_flat": 1.9768009451581747e-08,
        "relative_max_abs_diff_grouped": 4.2015025336970053e-07,
        "max_abs_diff_oneq_vs_flat": 5.21540641784668e-08,
        "mean_abs_diff_oneq_vs_flat": 1.2753048395097721e-08,
        "relative_max_abs_diff_oneq": 2.673683430534458e-07,
        "max_ref_abs": 0.1950644701719284
      }
    },
    {
      "block_n": 128,
      "block_d": 64,
      "block_v": 128,
      "block_q": 4,
      "warps": 4,
      "num_n_blocks": 8,
      "num_v_blocks": 1,
      "num_q_blocks": 1,
      "status": "ok",
      "triton_grouped_ms": 0.04530496120452881,
      "triton_oneq_repeated_ms": 0.15951871871948242,
      "triton_grouped_per_query_ms": 0.011326240301132202,
      "grouped_vs_flat_speedup": 2.8826371238227333,
      "oneq_repeated_vs_flat_speedup": 0.8186986712899995,
      "grouped_vs_oneq_repeated_speedup": 3.520998903394635,
      "validation": {
        "finite_outputs": true,
        "max_abs_diff_grouped_vs_flat": 8.195638656616211e-08,
        "mean_abs_diff_grouped_vs_flat": 1.9768009451581747e-08,
        "relative_max_abs_diff_grouped": 4.2015025336970053e-07,
        "max_abs_diff_oneq_vs_flat": 5.21540641784668e-08,
        "mean_abs_diff_oneq_vs_flat": 1.2845447372455965e-08,
        "relative_max_abs_diff_oneq": 2.673683430534458e-07,
        "max_ref_abs": 0.1950644701719284
      }
    },
    {
      "block_n": 256,
      "block_d": 64,
      "block_v": 64,
      "block_q": 4,
      "warps": 4,
      "num_n_blocks": 4,
      "num_v_blocks": 2,
      "num_q_blocks": 1,
      "status": "failed",
      "error_type": "OutOfResources",
      "error": "out of resource: shared memory, Required: 133120, Hardware limit: 101376. Reducing block sizes or `num_stages` may help."
    },
    {
      "block_n": 128,
      "block_d": 128,
      "block_v": 64,
      "block_q": 4,
      "warps": 4,
      "num_n_blocks": 8,
      "num_v_blocks": 2,
      "num_q_blocks": 1,
      "status": "ok",
      "triton_grouped_ms": 0.04448256015777588,
      "triton_oneq_repeated_ms": 0.14749695777893065,
      "triton_grouped_per_query_ms": 0.01112064003944397,
      "grouped_vs_flat_speedup": 2.935931803347294,
      "oneq_repeated_vs_flat_speedup": 0.8854268252587566,
      "grouped_vs_oneq_repeated_speedup": 3.315837875692663,
      "validation": {
        "finite_outputs": true,
        "max_abs_diff_grouped_vs_flat": 8.195638656616211e-08,
        "mean_abs_diff_grouped_vs_flat": 1.9768009451581747e-08,
        "relative_max_abs_diff_grouped": 4.2015025336970053e-07,
        "max_abs_diff_oneq_vs_flat": 4.842877388000488e-08,
        "mean_abs_diff_oneq_vs_flat": 1.288692885736964e-08,
        "relative_max_abs_diff_oneq": 2.482706042639139e-07,
        "max_ref_abs": 0.1950644701719284
      }
    },
    {
      "block_n": 128,
      "block_d": 64,
      "block_v": 64,
      "block_q": 4,
      "warps": 8,
      "num_n_blocks": 8,
      "num_v_blocks": 2,
      "num_q_blocks": 1,
      "status": "ok",
      "triton_grouped_ms": 0.04325376033782959,
      "triton_oneq_repeated_ms": 0.15157055854797363,
      "triton_grouped_per_query_ms": 0.010813440084457398,
      "grouped_vs_flat_speedup": 3.019338943978544,
      "oneq_repeated_vs_flat_speedup": 0.8616301497641305,
      "grouped_vs_oneq_repeated_speedup": 3.5042169134925025,
      "validation": {
        "finite_outputs": true,
        "max_abs_diff_grouped_vs_flat": 8.195638656616211e-08,
        "mean_abs_diff_grouped_vs_flat": 1.9768009451581747e-08,
        "relative_max_abs_diff_grouped": 4.2015025336970053e-07,
        "max_abs_diff_oneq_vs_flat": 5.960464477539063e-08,
        "mean_abs_diff_oneq_vs_flat": 1.2835911888942064e-08,
        "relative_max_abs_diff_oneq": 3.0556382063250944e-07,
        "max_ref_abs": 0.1950644701719284
      }
    },
    {
      "block_n": 64,
      "block_d": 64,
      "block_v": 64,
      "block_q": 4,
      "warps": 4,
      "num_n_blocks": 16,
      "num_v_blocks": 2,
      "num_q_blocks": 1,
      "status": "ok",
      "triton_grouped_ms": 0.043724799156188966,
      "triton_oneq_repeated_ms": 0.1531289577484131,
      "triton_grouped_per_query_ms": 0.010931199789047242,
      "grouped_vs_flat_speedup": 2.9868121885481127,
      "oneq_repeated_vs_flat_speedup": 0.8528613071088237,
      "grouped_vs_oneq_repeated_speedup": 3.5021077444271955,
      "validation": {
        "finite_outputs": true,
        "max_abs_diff_grouped_vs_flat": 7.078051567077637e-08,
        "mean_abs_diff_grouped_vs_flat": 2.0291366809033207e-08,
        "relative_max_abs_diff_grouped": 3.62857037001105e-07,
        "max_abs_diff_oneq_vs_flat": 5.960464477539063e-08,
        "mean_abs_diff_oneq_vs_flat": 1.2932233062201703e-08,
        "relative_max_abs_diff_oneq": 3.0556382063250944e-07,
        "max_ref_abs": 0.1950644701719284
      }
    }
  ]
}