{
  "status": "ok",
  "order_mode": "random_sorted",
  "segment_counts": [
    64,
    64,
    64,
    64,
    64,
    64,
    64,
    64,
    64,
    64,
    64,
    64,
    64,
    64,
    64,
    64,
    64,
    64,
    64,
    64,
    64,
    64,
    64,
    64,
    64,
    64,
    64,
    64,
    64,
    64,
    64,
    64
  ],
  "segment_count": 32,
  "tokens_per_segment": 256,
  "key_dim": 128,
  "value_dim": 128,
  "query_count": 4,
  "total_cache_tokens": 8192,
  "selected_tokens": 2048,
  "selection_fraction": 0.25,
  "torch_flat_total_ms": 0.10207039833068848,
  "torch_gather_k_ms": 0.009011200070381165,
  "torch_gather_v_ms": 0.009189760088920593,
  "torch_score_softmax_ms": 0.051038079261779785,
  "torch_value_ms": 0.030965759754180908,
  "torch_component_sum_ms": 0.10020479917526245,
  "best_triton_grouped_ms": 0.03118783950805664,
  "best_triton_grouped_per_query_ms": 0.00779695987701416,
  "best_triton_vs_flat_speedup": 3.2727627158758787,
  "best_oneq_repeated_ms": 0.10874560356140137,
  "best_grouped_vs_best_oneq_repeated_speedup": 3.486795022569919,
  "best_variant": {
    "block_n": 64,
    "block_d": 64,
    "block_v": 64,
    "block_q": 4,
    "warps": 4,
    "num_n_blocks": 32,
    "num_v_blocks": 2,
    "num_q_blocks": 1
  },
  "best_oneq_variant": {
    "block_n": 128,
    "block_d": 64,
    "block_v": 64,
    "warps": 8,
    "num_n_blocks": 16,
    "num_v_blocks": 2
  },
  "order_stats": {
    "order_span_mean": 3.9980459213256836,
    "order_span_p95": 11.0,
    "monotonic_fraction": 1.0
  },
  "variant_results": [
    {
      "block_n": 128,
      "block_d": 64,
      "block_v": 64,
      "block_q": 4,
      "warps": 4,
      "num_n_blocks": 16,
      "num_v_blocks": 2,
      "num_q_blocks": 1,
      "status": "ok",
      "triton_grouped_ms": 0.034959359169006346,
      "triton_oneq_repeated_ms": 0.1145241641998291,
      "triton_grouped_per_query_ms": 0.008739839792251586,
      "grouped_vs_flat_speedup": 2.919687338582003,
      "oneq_repeated_vs_flat_speedup": 0.891256435214751,
      "grouped_vs_oneq_repeated_speedup": 3.275922869357454,
      "validation": {
        "finite_outputs": true,
        "max_abs_diff_grouped_vs_flat": 6.705522537231445e-08,
        "mean_abs_diff_grouped_vs_flat": 1.6544092318326875e-08,
        "relative_max_abs_diff_grouped": 5.363295323063457e-07,
        "max_abs_diff_oneq_vs_flat": 6.332993507385254e-08,
        "mean_abs_diff_oneq_vs_flat": 1.2197446608297469e-08,
        "relative_max_abs_diff_oneq": 5.065334471782153e-07,
        "max_ref_abs": 0.1250261664390564
      }
    },
    {
      "block_n": 128,
      "block_d": 64,
      "block_v": 128,
      "block_q": 4,
      "warps": 4,
      "num_n_blocks": 16,
      "num_v_blocks": 1,
      "num_q_blocks": 1,
      "status": "ok",
      "triton_grouped_ms": 0.03276416063308716,
      "triton_oneq_repeated_ms": 0.11091903686523437,
      "triton_grouped_per_query_ms": 0.00819104015827179,
      "grouped_vs_flat_speedup": 3.1153063700832866,
      "oneq_repeated_vs_flat_speedup": 0.920224347554542,
      "grouped_vs_oneq_repeated_speedup": 3.385377031548974,
      "validation": {
        "finite_outputs": true,
        "max_abs_diff_grouped_vs_flat": 6.705522537231445e-08,
        "mean_abs_diff_grouped_vs_flat": 1.6544092318326875e-08,
        "relative_max_abs_diff_grouped": 5.363295323063457e-07,
        "max_abs_diff_oneq_vs_flat": 6.332993507385254e-08,
        "mean_abs_diff_oneq_vs_flat": 1.2102589153073495e-08,
        "relative_max_abs_diff_oneq": 5.065334471782153e-07,
        "max_ref_abs": 0.1250261664390564
      }
    },
    {
      "block_n": 256,
      "block_d": 64,
      "block_v": 64,
      "block_q": 4,
      "warps": 4,
      "num_n_blocks": 8,
      "num_v_blocks": 2,
      "num_q_blocks": 1,
      "status": "failed",
      "error_type": "OutOfResources",
      "error": "out of resource: shared memory, Required: 133120, Hardware limit: 101376. Reducing block sizes or `num_stages` may help."
    },
    {
      "block_n": 128,
      "block_d": 128,
      "block_v": 64,
      "block_q": 4,
      "warps": 4,
      "num_n_blocks": 16,
      "num_v_blocks": 2,
      "num_q_blocks": 1,
      "status": "ok",
      "triton_grouped_ms": 0.0323033595085144,
      "triton_oneq_repeated_ms": 0.12135680198669434,
      "triton_grouped_per_query_ms": 0.0080758398771286,
      "grouped_vs_flat_speedup": 3.1597456080004664,
      "oneq_repeated_vs_flat_speedup": 0.8410768630989433,
      "grouped_vs_oneq_repeated_speedup": 3.7567857904905386,
      "validation": {
        "finite_outputs": true,
        "max_abs_diff_grouped_vs_flat": 6.705522537231445e-08,
        "mean_abs_diff_grouped_vs_flat": 1.6544092318326875e-08,
        "relative_max_abs_diff_grouped": 5.363295323063457e-07,
        "max_abs_diff_oneq_vs_flat": 6.332993507385254e-08,
        "mean_abs_diff_oneq_vs_flat": 1.3212527960604348e-08,
        "relative_max_abs_diff_oneq": 5.065334471782153e-07,
        "max_ref_abs": 0.1250261664390564
      }
    },
    {
      "block_n": 128,
      "block_d": 64,
      "block_v": 64,
      "block_q": 4,
      "warps": 8,
      "num_n_blocks": 16,
      "num_v_blocks": 2,
      "num_q_blocks": 1,
      "status": "ok",
      "triton_grouped_ms": 0.032130560874938964,
      "triton_oneq_repeated_ms": 0.10874560356140137,
      "triton_grouped_per_query_ms": 0.008032640218734741,
      "grouped_vs_flat_speedup": 3.176738766807549,
      "oneq_repeated_vs_flat_speedup": 0.9386163209168834,
      "grouped_vs_oneq_repeated_speedup": 3.384491294274923,
      "validation": {
        "finite_outputs": true,
        "max_abs_diff_grouped_vs_flat": 6.705522537231445e-08,
        "mean_abs_diff_grouped_vs_flat": 1.6725977047826746e-08,
        "relative_max_abs_diff_grouped": 5.363295323063457e-07,
        "max_abs_diff_oneq_vs_flat": 5.960464477539063e-08,
        "mean_abs_diff_oneq_vs_flat": 1.221127376993536e-08,
        "relative_max_abs_diff_oneq": 4.767373620500851e-07,
        "max_ref_abs": 0.1250261664390564
      }
    },
    {
      "block_n": 64,
      "block_d": 64,
      "block_v": 64,
      "block_q": 4,
      "warps": 4,
      "num_n_blocks": 32,
      "num_v_blocks": 2,
      "num_q_blocks": 1,
      "status": "ok",
      "triton_grouped_ms": 0.03118783950805664,
      "triton_oneq_repeated_ms": 0.12091391563415527,
      "triton_grouped_per_query_ms": 0.00779695987701416,
      "grouped_vs_flat_speedup": 3.2727627158758787,
      "oneq_repeated_vs_flat_speedup": 0.8441575793436307,
      "grouped_vs_oneq_repeated_speedup": 3.876957094220009,
      "validation": {
        "finite_outputs": true,
        "max_abs_diff_grouped_vs_flat": 7.264316082000732e-08,
        "mean_abs_diff_grouped_vs_flat": 1.616493250367057e-08,
        "relative_max_abs_diff_grouped": 5.810236599985412e-07,
        "max_abs_diff_oneq_vs_flat": 5.960464477539063e-08,
        "mean_abs_diff_oneq_vs_flat": 1.2358015055724536e-08,
        "relative_max_abs_diff_oneq": 4.767373620500851e-07,
        "max_ref_abs": 0.1250261664390564
      }
    }
  ]
}