{
  "status": "ok",
  "order_mode": "random_shuffled",
  "segment_counts": [
    32,
    32,
    32,
    32,
    32,
    32,
    32,
    32,
    32,
    32,
    32,
    32,
    32,
    32,
    32,
    32,
    32,
    32,
    32,
    32,
    32,
    32,
    32,
    32,
    32,
    32,
    32,
    32,
    32,
    32,
    32,
    32
  ],
  "segment_count": 32,
  "tokens_per_segment": 256,
  "key_dim": 128,
  "value_dim": 128,
  "query_count": 2,
  "total_cache_tokens": 8192,
  "selected_tokens": 1024,
  "selection_fraction": 0.125,
  "torch_flat_total_ms": 0.1387724781036377,
  "torch_gather_k_ms": 0.012859519720077515,
  "torch_gather_v_ms": 0.012086399793624879,
  "torch_score_softmax_ms": 0.07251967906951905,
  "torch_value_ms": 0.03368639945983887,
  "torch_component_sum_ms": 0.13115199804306032,
  "best_triton_grouped_ms": 0.043171200752258304,
  "best_triton_grouped_per_query_ms": 0.021585600376129152,
  "best_triton_vs_flat_speedup": 3.2144688052573667,
  "best_oneq_repeated_ms": 0.07868415832519532,
  "best_grouped_vs_best_oneq_repeated_speedup": 1.8226075938154052,
  "best_variant": {
    "block_n": 128,
    "block_d": 64,
    "block_v": 128,
    "block_q": 4,
    "warps": 4,
    "num_n_blocks": 8,
    "num_v_blocks": 1,
    "num_q_blocks": 1
  },
  "best_oneq_variant": {
    "block_n": 128,
    "block_d": 64,
    "block_v": 64,
    "warps": 8,
    "num_n_blocks": 8,
    "num_v_blocks": 2
  },
  "order_stats": {
    "order_span_mean": 2767.726318359375,
    "order_span_p95": 6324.39990234375,
    "monotonic_fraction": 0.5112414360046387
  },
  "variant_results": [
    {
      "block_n": 128,
      "block_d": 64,
      "block_v": 64,
      "block_q": 4,
      "warps": 4,
      "num_n_blocks": 8,
      "num_v_blocks": 2,
      "num_q_blocks": 1,
      "status": "ok",
      "triton_grouped_ms": 0.04440063953399658,
      "triton_oneq_repeated_ms": 0.07897088050842285,
      "triton_grouped_per_query_ms": 0.02220031976699829,
      "grouped_vs_flat_speedup": 3.125461244705331,
      "oneq_repeated_vs_flat_speedup": 1.7572613754615098,
      "grouped_vs_oneq_repeated_speedup": 1.7785978160957931,
      "validation": {
        "finite_outputs": true,
        "max_abs_diff_grouped_vs_flat": 6.705522537231445e-08,
        "mean_abs_diff_grouped_vs_flat": 2.116030373144895e-08,
        "relative_max_abs_diff_grouped": 3.4375929821157316e-07,
        "max_abs_diff_oneq_vs_flat": 5.21540641784668e-08,
        "mean_abs_diff_oneq_vs_flat": 1.3388074648901238e-08,
        "relative_max_abs_diff_oneq": 2.673683430534458e-07,
        "max_ref_abs": 0.1950644701719284
      }
    },
    {
      "block_n": 128,
      "block_d": 64,
      "block_v": 128,
      "block_q": 4,
      "warps": 4,
      "num_n_blocks": 8,
      "num_v_blocks": 1,
      "num_q_blocks": 1,
      "status": "ok",
      "triton_grouped_ms": 0.043171200752258304,
      "triton_oneq_repeated_ms": 0.08005632400512695,
      "triton_grouped_per_query_ms": 0.021585600376129152,
      "grouped_vs_flat_speedup": 3.2144688052573667,
      "oneq_repeated_vs_flat_speedup": 1.73343555088478,
      "grouped_vs_oneq_repeated_speedup": 1.8543918772270696,
      "validation": {
        "finite_outputs": true,
        "max_abs_diff_grouped_vs_flat": 6.705522537231445e-08,
        "mean_abs_diff_grouped_vs_flat": 2.116030373144895e-08,
        "relative_max_abs_diff_grouped": 3.4375929821157316e-07,
        "max_abs_diff_oneq_vs_flat": 5.21540641784668e-08,
        "mean_abs_diff_oneq_vs_flat": 1.3175821322874981e-08,
        "relative_max_abs_diff_oneq": 2.673683430534458e-07,
        "max_ref_abs": 0.1950644701719284
      }
    },
    {
      "block_n": 256,
      "block_d": 64,
      "block_v": 64,
      "block_q": 4,
      "warps": 4,
      "num_n_blocks": 4,
      "num_v_blocks": 2,
      "num_q_blocks": 1,
      "status": "failed",
      "error_type": "OutOfResources",
      "error": "out of resource: shared memory, Required: 133120, Hardware limit: 101376. Reducing block sizes or `num_stages` may help."
    },
    {
      "block_n": 128,
      "block_d": 128,
      "block_v": 64,
      "block_q": 4,
      "warps": 4,
      "num_n_blocks": 8,
      "num_v_blocks": 2,
      "num_q_blocks": 1,
      "status": "ok",
      "triton_grouped_ms": 0.04358143806457519,
      "triton_oneq_repeated_ms": 0.07927807807922363,
      "triton_grouped_per_query_ms": 0.021790719032287596,
      "grouped_vs_flat_speedup": 3.184210624211543,
      "oneq_repeated_vs_flat_speedup": 1.7504520980561677,
      "grouped_vs_oneq_repeated_speedup": 1.8190789840793287,
      "validation": {
        "finite_outputs": true,
        "max_abs_diff_grouped_vs_flat": 6.705522537231445e-08,
        "mean_abs_diff_grouped_vs_flat": 2.116030373144895e-08,
        "relative_max_abs_diff_grouped": 3.4375929821157316e-07,
        "max_abs_diff_oneq_vs_flat": 4.470348358154297e-08,
        "mean_abs_diff_oneq_vs_flat": 1.2450385611373349e-08,
        "relative_max_abs_diff_oneq": 2.291728654743821e-07,
        "max_ref_abs": 0.1950644701719284
      }
    },
    {
      "block_n": 128,
      "block_d": 64,
      "block_v": 64,
      "block_q": 4,
      "warps": 8,
      "num_n_blocks": 8,
      "num_v_blocks": 2,
      "num_q_blocks": 1,
      "status": "ok",
      "triton_grouped_ms": 0.043822717666625974,
      "triton_oneq_repeated_ms": 0.07868415832519532,
      "triton_grouped_per_query_ms": 0.021911358833312987,
      "grouped_vs_flat_speedup": 3.1666789622525515,
      "oneq_repeated_vs_flat_speedup": 1.7636647713775135,
      "grouped_vs_oneq_repeated_speedup": 1.7955106966156675,
      "validation": {
        "finite_outputs": true,
        "max_abs_diff_grouped_vs_flat": 6.705522537231445e-08,
        "mean_abs_diff_grouped_vs_flat": 2.116030373144895e-08,
        "relative_max_abs_diff_grouped": 3.4375929821157316e-07,
        "max_abs_diff_oneq_vs_flat": 5.960464477539063e-08,
        "mean_abs_diff_oneq_vs_flat": 1.3162036793801235e-08,
        "relative_max_abs_diff_oneq": 3.0556382063250944e-07,
        "max_ref_abs": 0.1950644701719284
      }
    },
    {
      "block_n": 64,
      "block_d": 64,
      "block_v": 64,
      "block_q": 4,
      "warps": 4,
      "num_n_blocks": 16,
      "num_v_blocks": 2,
      "num_q_blocks": 1,
      "status": "ok",
      "triton_grouped_ms": 0.04349952220916748,
      "triton_oneq_repeated_ms": 0.07929855823516846,
      "triton_grouped_per_query_ms": 0.02174976110458374,
      "grouped_vs_flat_speedup": 3.190206950695921,
      "oneq_repeated_vs_flat_speedup": 1.7500000150329704,
      "grouped_vs_oneq_repeated_speedup": 1.8229753847378205,
      "validation": {
        "finite_outputs": true,
        "max_abs_diff_grouped_vs_flat": 7.078051567077637e-08,
        "mean_abs_diff_grouped_vs_flat": 2.089666395477252e-08,
        "relative_max_abs_diff_grouped": 3.62857037001105e-07,
        "max_abs_diff_oneq_vs_flat": 5.960464477539063e-08,
        "mean_abs_diff_oneq_vs_flat": 1.3483031580108218e-08,
        "relative_max_abs_diff_oneq": 3.0556382063250944e-07,
        "max_ref_abs": 0.1950644701719284
      }
    }
  ]
}