load_class,background_only_ms
idle,0.0
compute,0.11289667089780171
memory,0.42510934670766193
