{
  "status": "ok",
  "order_mode": "clustered_segment",
  "segment_counts": [
    32,
    32,
    32,
    32,
    32,
    32,
    32,
    32,
    32,
    32,
    32,
    32,
    32,
    32,
    32,
    32,
    32,
    32,
    32,
    32,
    32,
    32,
    32,
    32,
    32,
    32,
    32,
    32,
    32,
    32,
    32,
    32
  ],
  "segment_count": 32,
  "tokens_per_segment": 256,
  "key_dim": 128,
  "value_dim": 128,
  "query_count": 2,
  "total_cache_tokens": 8192,
  "selected_tokens": 1024,
  "selection_fraction": 0.125,
  "torch_flat_total_ms": 0.10287103652954102,
  "torch_gather_k_ms": 0.009546239972114562,
  "torch_gather_v_ms": 0.009478399753570557,
  "torch_score_softmax_ms": 0.05142655849456787,
  "torch_value_ms": 0.0221612811088562,
  "torch_component_sum_ms": 0.09261247932910918,
  "best_triton_grouped_ms": 0.04229119777679444,
  "best_triton_grouped_per_query_ms": 0.02114559888839722,
  "best_triton_vs_flat_speedup": 2.432445566391295,
  "best_oneq_repeated_ms": 0.07546879768371582,
  "best_grouped_vs_best_oneq_repeated_speedup": 1.7845036710009248,
  "best_variant": {
    "block_n": 128,
    "block_d": 128,
    "block_v": 64,
    "block_q": 4,
    "warps": 4,
    "num_n_blocks": 8,
    "num_v_blocks": 2,
    "num_q_blocks": 1
  },
  "best_oneq_variant": {
    "block_n": 128,
    "block_d": 128,
    "block_v": 64,
    "warps": 4,
    "num_n_blocks": 8,
    "num_v_blocks": 2
  },
  "order_stats": {
    "order_span_mean": 7.8279571533203125,
    "order_span_p95": 1.0,
    "monotonic_fraction": 1.0
  },
  "variant_results": [
    {
      "block_n": 128,
      "block_d": 64,
      "block_v": 64,
      "block_q": 4,
      "warps": 4,
      "num_n_blocks": 8,
      "num_v_blocks": 2,
      "num_q_blocks": 1,
      "status": "ok",
      "triton_grouped_ms": 0.043462400436401365,
      "triton_oneq_repeated_ms": 0.07657472133636474,
      "triton_grouped_per_query_ms": 0.021731200218200682,
      "grouped_vs_flat_speedup": 2.366897260542994,
      "oneq_repeated_vs_flat_speedup": 1.3434072593965598,
      "grouped_vs_oneq_repeated_speedup": 1.7618613000544394,
      "validation": {
        "finite_outputs": true,
        "max_abs_diff_grouped_vs_flat": 7.776543498039246e-08,
        "mean_abs_diff_grouped_vs_flat": 2.3403458726534154e-08,
        "relative_max_abs_diff_grouped": 5.260205680971738e-07,
        "max_abs_diff_oneq_vs_flat": 6.146728992462158e-08,
        "mean_abs_diff_oneq_vs_flat": 1.6016997506085318e-08,
        "relative_max_abs_diff_oneq": 4.157767364600416e-07,
        "max_ref_abs": 0.14783725142478943
      }
    },
    {
      "block_n": 128,
      "block_d": 64,
      "block_v": 128,
      "block_q": 4,
      "warps": 4,
      "num_n_blocks": 8,
      "num_v_blocks": 1,
      "num_q_blocks": 1,
      "status": "ok",
      "triton_grouped_ms": 0.04421631813049316,
      "triton_oneq_repeated_ms": 0.07788671970367432,
      "triton_grouped_per_query_ms": 0.02210815906524658,
      "grouped_vs_flat_speedup": 2.3265400847249076,
      "oneq_repeated_vs_flat_speedup": 1.32077762320613,
      "grouped_vs_oneq_repeated_speedup": 1.7614926569374585,
      "validation": {
        "finite_outputs": true,
        "max_abs_diff_grouped_vs_flat": 7.776543498039246e-08,
        "mean_abs_diff_grouped_vs_flat": 2.3403458726534154e-08,
        "relative_max_abs_diff_grouped": 5.260205680971738e-07,
        "max_abs_diff_oneq_vs_flat": 7.450580596923828e-08,
        "mean_abs_diff_oneq_vs_flat": 1.6453554962936323e-08,
        "relative_max_abs_diff_oneq": 5.039718017697474e-07,
        "max_ref_abs": 0.14783725142478943
      }
    },
    {
      "block_n": 256,
      "block_d": 64,
      "block_v": 64,
      "block_q": 4,
      "warps": 4,
      "num_n_blocks": 4,
      "num_v_blocks": 2,
      "num_q_blocks": 1,
      "status": "failed",
      "error_type": "OutOfResources",
      "error": "out of resource: shared memory, Required: 133120, Hardware limit: 101376. Reducing block sizes or `num_stages` may help."
    },
    {
      "block_n": 128,
      "block_d": 128,
      "block_v": 64,
      "block_q": 4,
      "warps": 4,
      "num_n_blocks": 8,
      "num_v_blocks": 2,
      "num_q_blocks": 1,
      "status": "ok",
      "triton_grouped_ms": 0.04229119777679444,
      "triton_oneq_repeated_ms": 0.07546879768371582,
      "triton_grouped_per_query_ms": 0.02114559888839722,
      "grouped_vs_flat_speedup": 2.432445566391295,
      "oneq_repeated_vs_flat_speedup": 1.363093618645761,
      "grouped_vs_oneq_repeated_speedup": 1.7845036710009248,
      "validation": {
        "finite_outputs": true,
        "max_abs_diff_grouped_vs_flat": 7.776543498039246e-08,
        "mean_abs_diff_grouped_vs_flat": 2.3403458726534154e-08,
        "relative_max_abs_diff_grouped": 5.260205680971738e-07,
        "max_abs_diff_oneq_vs_flat": 6.705522537231445e-08,
        "mean_abs_diff_oneq_vs_flat": 1.666160187596688e-08,
        "relative_max_abs_diff_oneq": 4.5357462159277265e-07,
        "max_ref_abs": 0.14783725142478943
      }
    },
    {
      "block_n": 128,
      "block_d": 64,
      "block_v": 64,
      "block_q": 4,
      "warps": 8,
      "num_n_blocks": 8,
      "num_v_blocks": 2,
      "num_q_blocks": 1,
      "status": "ok",
      "triton_grouped_ms": 0.0430079984664917,
      "triton_oneq_repeated_ms": 0.07616511821746826,
      "triton_grouped_per_query_ms": 0.02150399923324585,
      "grouped_vs_flat_speedup": 2.39190476649802,
      "oneq_repeated_vs_flat_speedup": 1.3506318763376886,
      "grouped_vs_oneq_repeated_speedup": 1.7709524026515642,
      "validation": {
        "finite_outputs": true,
        "max_abs_diff_grouped_vs_flat": 7.776543498039246e-08,
        "mean_abs_diff_grouped_vs_flat": 2.3403458726534154e-08,
        "relative_max_abs_diff_grouped": 5.260205680971738e-07,
        "max_abs_diff_oneq_vs_flat": 6.705522537231445e-08,
        "mean_abs_diff_oneq_vs_flat": 1.6372041500289924e-08,
        "relative_max_abs_diff_oneq": 4.5357462159277265e-07,
        "max_ref_abs": 0.14783725142478943
      }
    },
    {
      "block_n": 64,
      "block_d": 64,
      "block_v": 64,
      "block_q": 4,
      "warps": 4,
      "num_n_blocks": 16,
      "num_v_blocks": 2,
      "num_q_blocks": 1,
      "status": "ok",
      "triton_grouped_ms": 0.04853759765625,
      "triton_oneq_repeated_ms": 0.07841728210449218,
      "triton_grouped_per_query_ms": 0.024268798828125,
      "grouped_vs_flat_speedup": 2.1194093135405665,
      "oneq_repeated_vs_flat_speedup": 1.3118413922133114,
      "grouped_vs_oneq_repeated_speedup": 1.615598750062874,
      "validation": {
        "finite_outputs": true,
        "max_abs_diff_grouped_vs_flat": 8.742790669202805e-08,
        "mean_abs_diff_grouped_vs_flat": 2.3963366402313113e-08,
        "relative_max_abs_diff_grouped": 5.91379411139188e-07,
        "max_abs_diff_oneq_vs_flat": 7.078051567077637e-08,
        "mean_abs_diff_oneq_vs_flat": 1.501746282883687e-08,
        "relative_max_abs_diff_oneq": 4.7877321168126e-07,
        "max_ref_abs": 0.14783725142478943
      }
    }
  ]
}