{
  "status": "ok",
  "order_mode": "clustered_segment",
  "segment_counts": [
    16,
    16,
    16,
    16,
    16,
    16,
    16,
    16,
    16,
    16,
    16,
    16,
    16,
    16,
    16,
    16,
    16,
    16,
    16,
    16,
    16,
    16,
    16,
    16,
    16,
    16,
    16,
    16,
    16,
    16,
    16,
    16
  ],
  "segment_count": 32,
  "tokens_per_segment": 256,
  "key_dim": 128,
  "value_dim": 128,
  "query_count": 4,
  "total_cache_tokens": 8192,
  "selected_tokens": 512,
  "selection_fraction": 0.0625,
  "torch_flat_total_ms": 0.09494655609130859,
  "torch_gather_k_ms": 0.009074559807777405,
  "torch_gather_v_ms": 0.009488639831542968,
  "torch_score_softmax_ms": 0.05271679878234863,
  "torch_value_ms": 0.022819199562072755,
  "torch_component_sum_ms": 0.09409919798374175,
  "best_triton_grouped_ms": 0.03153343915939331,
  "best_triton_grouped_per_query_ms": 0.007883359789848327,
  "best_triton_vs_flat_speedup": 3.010980046019672,
  "best_oneq_repeated_ms": 0.10610688209533692,
  "best_grouped_vs_best_oneq_repeated_speedup": 3.3649004017289177,
  "best_variant": {
    "block_n": 128,
    "block_d": 64,
    "block_v": 64,
    "block_q": 4,
    "warps": 8,
    "num_n_blocks": 4,
    "num_v_blocks": 2,
    "num_q_blocks": 1
  },
  "best_oneq_variant": {
    "block_n": 128,
    "block_d": 128,
    "block_v": 64,
    "warps": 4,
    "num_n_blocks": 4,
    "num_v_blocks": 2
  },
  "order_stats": {
    "order_span_mean": 15.352250099182129,
    "order_span_p95": 152.0,
    "monotonic_fraction": 1.0
  },
  "variant_results": [
    {
      "block_n": 128,
      "block_d": 64,
      "block_v": 64,
      "block_q": 4,
      "warps": 4,
      "num_n_blocks": 4,
      "num_v_blocks": 2,
      "num_q_blocks": 1,
      "status": "ok",
      "triton_grouped_ms": 0.03364351987838745,
      "triton_oneq_repeated_ms": 0.1243513584136963,
      "triton_grouped_per_query_ms": 0.008410879969596862,
      "grouped_vs_flat_speedup": 2.8221350332698725,
      "oneq_repeated_vs_flat_speedup": 0.7635345307241211,
      "grouped_vs_oneq_repeated_speedup": 3.6961459105109697,
      "validation": {
        "finite_outputs": true,
        "max_abs_diff_grouped_vs_flat": 1.043081283569336e-07,
        "mean_abs_diff_grouped_vs_flat": 2.6875028424910852e-08,
        "relative_max_abs_diff_grouped": 4.6837486100976e-07,
        "max_abs_diff_oneq_vs_flat": 8.080678526312113e-08,
        "mean_abs_diff_oneq_vs_flat": 1.5604683767378447e-08,
        "relative_max_abs_diff_oneq": 3.628467638374996e-07,
        "max_ref_abs": 0.2227022349834442
      }
    },
    {
      "block_n": 128,
      "block_d": 64,
      "block_v": 128,
      "block_q": 4,
      "warps": 4,
      "num_n_blocks": 4,
      "num_v_blocks": 1,
      "num_q_blocks": 1,
      "status": "ok",
      "triton_grouped_ms": 0.036760959625244144,
      "triton_oneq_repeated_ms": 0.11925439834594727,
      "triton_grouped_per_query_ms": 0.009190239906311036,
      "grouped_vs_flat_speedup": 2.582809509306383,
      "oneq_repeated_vs_flat_speedup": 0.7961681699644854,
      "grouped_vs_oneq_repeated_speedup": 3.244050197864095,
      "validation": {
        "finite_outputs": true,
        "max_abs_diff_grouped_vs_flat": 1.043081283569336e-07,
        "mean_abs_diff_grouped_vs_flat": 2.6875028424910852e-08,
        "relative_max_abs_diff_grouped": 4.6837486100976e-07,
        "max_abs_diff_oneq_vs_flat": 9.14878910407424e-08,
        "mean_abs_diff_oneq_vs_flat": 1.570683139107132e-08,
        "relative_max_abs_diff_oneq": 4.1080814050897896e-07,
        "max_ref_abs": 0.2227022349834442
      }
    },
    {
      "block_n": 256,
      "block_d": 64,
      "block_v": 64,
      "block_q": 4,
      "warps": 4,
      "num_n_blocks": 2,
      "num_v_blocks": 2,
      "num_q_blocks": 1,
      "status": "failed",
      "error_type": "OutOfResources",
      "error": "out of resource: shared memory, Required: 133120, Hardware limit: 101376. Reducing block sizes or `num_stages` may help."
    },
    {
      "block_n": 128,
      "block_d": 128,
      "block_v": 64,
      "block_q": 4,
      "warps": 4,
      "num_n_blocks": 4,
      "num_v_blocks": 2,
      "num_q_blocks": 1,
      "status": "ok",
      "triton_grouped_ms": 0.034201600551605225,
      "triton_oneq_repeated_ms": 0.10610688209533692,
      "triton_grouped_per_query_ms": 0.008550400137901306,
      "grouped_vs_flat_speedup": 2.776085170284592,
      "oneq_repeated_vs_flat_speedup": 0.8948199609333465,
      "grouped_vs_oneq_repeated_speedup": 3.1023952208095382,
      "validation": {
        "finite_outputs": true,
        "max_abs_diff_grouped_vs_flat": 1.043081283569336e-07,
        "mean_abs_diff_grouped_vs_flat": 2.6875028424910852e-08,
        "relative_max_abs_diff_grouped": 4.6837486100976e-07,
        "max_abs_diff_oneq_vs_flat": 7.562630344182253e-08,
        "mean_abs_diff_oneq_vs_flat": 1.5827865240680694e-08,
        "relative_max_abs_diff_oneq": 3.395848427270819e-07,
        "max_ref_abs": 0.2227022349834442
      }
    },
    {
      "block_n": 128,
      "block_d": 64,
      "block_v": 64,
      "block_q": 4,
      "warps": 8,
      "num_n_blocks": 4,
      "num_v_blocks": 2,
      "num_q_blocks": 1,
      "status": "ok",
      "triton_grouped_ms": 0.03153343915939331,
      "triton_oneq_repeated_ms": 0.11942208290100098,
      "triton_grouped_per_query_ms": 0.007883359789848327,
      "grouped_vs_flat_speedup": 3.010980046019672,
      "oneq_repeated_vs_flat_speedup": 0.7950502435133189,
      "grouped_vs_oneq_repeated_speedup": 3.787156938301386,
      "validation": {
        "finite_outputs": true,
        "max_abs_diff_grouped_vs_flat": 9.872019290924072e-08,
        "mean_abs_diff_grouped_vs_flat": 2.6656294949134463e-08,
        "relative_max_abs_diff_grouped": 4.4328335059852286e-07,
        "max_abs_diff_oneq_vs_flat": 8.133065421134233e-08,
        "mean_abs_diff_oneq_vs_flat": 1.5385012375190854e-08,
        "relative_max_abs_diff_oneq": 3.651990929385531e-07,
        "max_ref_abs": 0.2227022349834442
      }
    },
    {
      "block_n": 64,
      "block_d": 64,
      "block_v": 64,
      "block_q": 4,
      "warps": 4,
      "num_n_blocks": 8,
      "num_v_blocks": 2,
      "num_q_blocks": 1,
      "status": "ok",
      "triton_grouped_ms": 0.031974399089813234,
      "triton_oneq_repeated_ms": 0.11037183761596679,
      "triton_grouped_per_query_ms": 0.007993599772453308,
      "grouped_vs_flat_speedup": 2.9694555267360045,
      "oneq_repeated_vs_flat_speedup": 0.8602425957758383,
      "grouped_vs_oneq_repeated_speedup": 3.451881528905114,
      "validation": {
        "finite_outputs": true,
        "max_abs_diff_grouped_vs_flat": 1.1175870895385742e-07,
        "mean_abs_diff_grouped_vs_flat": 2.556211597948277e-08,
        "relative_max_abs_diff_grouped": 5.018302082247428e-07,
        "max_abs_diff_oneq_vs_flat": 9.383074939250946e-08,
        "mean_abs_diff_oneq_vs_flat": 1.571349628193275e-08,
        "relative_max_abs_diff_oneq": 4.2132827898869034e-07,
        "max_ref_abs": 0.2227022349834442
      }
    }
  ]
}