{
  "status": "ok",
  "segment_counts": [
    4,
    4,
    4,
    4,
    4,
    4,
    4,
    4,
    4,
    4,
    4,
    4,
    4,
    4,
    4,
    4,
    4,
    4,
    4,
    4,
    4,
    4,
    4,
    4,
    4,
    4,
    4,
    4,
    4,
    4,
    4,
    4
  ],
  "segment_count": 32,
  "tokens_per_segment": 256,
  "index_mode": "random",
  "dim": 256,
  "query_count": 8,
  "total_cache_tokens": 8192,
  "selected_tokens": 128,
  "selection_fraction": 0.015625,
  "block_m": 16,
  "block_d": 64,
  "block_q": 8,
  "warps": 4,
  "torch_segment_loop_ms": 1.1966668701171874,
  "torch_flat_total_ms": 0.02640064001083374,
  "torch_gather_ms": 0.01218559980392456,
  "torch_score_ms": 0.012285439968109131,
  "triton_fused_ms": 0.022901759147644044,
  "triton_vs_segment_speedup": 52.252181258324484,
  "triton_vs_flat_speedup": 1.1527778211548274,
  "flat_vs_segment_speedup": 45.32719167513077,
  "gather_fraction_of_flat": 0.46156456051535455,
  "score_fraction_of_flat": 0.4653462932363644,
  "approx_segment_loop_launches": 96,
  "approx_flat_launches": 2,
  "approx_triton_launches": 1,
  "validation": {
    "finite_outputs": true,
    "max_abs_diff_loop_vs_flat": 0.0,
    "max_abs_diff_triton_vs_flat": 0.0,
    "max_ref_abs": 52.40625,
    "relative_max_abs_diff_triton": 0.0
  }
}