{
  "status": "ok",
  "order_mode": "random_shuffled",
  "segment_counts": [
    32,
    32,
    32,
    32,
    32,
    32,
    32,
    32,
    32,
    32,
    32,
    32,
    32,
    32,
    32,
    32,
    32,
    32,
    32,
    32,
    32,
    32,
    32,
    32,
    32,
    32,
    32,
    32,
    32,
    32,
    32,
    32
  ],
  "segment_count": 32,
  "tokens_per_segment": 256,
  "key_dim": 128,
  "value_dim": 128,
  "query_count": 8,
  "total_cache_tokens": 8192,
  "selected_tokens": 1024,
  "selection_fraction": 0.125,
  "torch_flat_total_ms": 0.1520025634765625,
  "torch_gather_k_ms": 0.014151680469512939,
  "torch_gather_v_ms": 0.014071680307388305,
  "torch_score_softmax_ms": 0.07815167903900147,
  "torch_value_ms": 0.03215359926223755,
  "torch_component_sum_ms": 0.13852863907814025,
  "best_triton_grouped_ms": 0.043807358741760255,
  "best_triton_grouped_per_query_ms": 0.005475919842720032,
  "best_triton_vs_flat_speedup": 3.46979520889633,
  "best_oneq_repeated_ms": 0.28999679565429687,
  "best_grouped_vs_best_oneq_repeated_speedup": 6.6198192263495566,
  "best_variant": {
    "block_n": 128,
    "block_d": 64,
    "block_v": 128,
    "block_q": 4,
    "warps": 4,
    "num_n_blocks": 8,
    "num_v_blocks": 1,
    "num_q_blocks": 2
  },
  "best_oneq_variant": {
    "block_n": 128,
    "block_d": 64,
    "block_v": 64,
    "warps": 4,
    "num_n_blocks": 8,
    "num_v_blocks": 2
  },
  "order_stats": {
    "order_span_mean": 2767.726318359375,
    "order_span_p95": 6324.39990234375,
    "monotonic_fraction": 0.5112414360046387
  },
  "variant_results": [
    {
      "block_n": 128,
      "block_d": 64,
      "block_v": 64,
      "block_q": 4,
      "warps": 4,
      "num_n_blocks": 8,
      "num_v_blocks": 2,
      "num_q_blocks": 2,
      "status": "ok",
      "triton_grouped_ms": 0.04443840026855469,
      "triton_oneq_repeated_ms": 0.28999679565429687,
      "triton_grouped_per_query_ms": 0.005554800033569336,
      "grouped_vs_flat_speedup": 3.4205228486616313,
      "oneq_repeated_vs_flat_speedup": 0.524152562215769,
      "grouped_vs_oneq_repeated_speedup": 6.525815373680388,
      "validation": {
        "finite_outputs": true,
        "max_abs_diff_grouped_vs_flat": 8.195638656616211e-08,
        "mean_abs_diff_grouped_vs_flat": 1.9573661802496645e-08,
        "relative_max_abs_diff_grouped": 3.677823220812895e-07,
        "max_abs_diff_oneq_vs_flat": 9.313225746154785e-08,
        "mean_abs_diff_oneq_vs_flat": 1.3252346775516344e-08,
        "relative_max_abs_diff_oneq": 4.179344569105563e-07,
        "max_ref_abs": 0.2228393852710724
      }
    },
    {
      "block_n": 128,
      "block_d": 64,
      "block_v": 128,
      "block_q": 4,
      "warps": 4,
      "num_n_blocks": 8,
      "num_v_blocks": 1,
      "num_q_blocks": 2,
      "status": "ok",
      "triton_grouped_ms": 0.043807358741760255,
      "triton_oneq_repeated_ms": 0.2966348838806152,
      "triton_grouped_per_query_ms": 0.005475919842720032,
      "grouped_vs_flat_speedup": 3.46979520889633,
      "oneq_repeated_vs_flat_speedup": 0.5124230889099949,
      "grouped_vs_oneq_repeated_speedup": 6.771348293998879,
      "validation": {
        "finite_outputs": true,
        "max_abs_diff_grouped_vs_flat": 8.195638656616211e-08,
        "mean_abs_diff_grouped_vs_flat": 1.9573661802496645e-08,
        "relative_max_abs_diff_grouped": 3.677823220812895e-07,
        "max_abs_diff_oneq_vs_flat": 1.0244548320770264e-07,
        "mean_abs_diff_oneq_vs_flat": 1.325872744928347e-08,
        "relative_max_abs_diff_oneq": 4.597279026016119e-07,
        "max_ref_abs": 0.2228393852710724
      }
    },
    {
      "block_n": 256,
      "block_d": 64,
      "block_v": 64,
      "block_q": 4,
      "warps": 4,
      "num_n_blocks": 4,
      "num_v_blocks": 2,
      "num_q_blocks": 2,
      "status": "failed",
      "error_type": "OutOfResources",
      "error": "out of resource: shared memory, Required: 133120, Hardware limit: 101376. Reducing block sizes or `num_stages` may help."
    },
    {
      "block_n": 128,
      "block_d": 128,
      "block_v": 64,
      "block_q": 4,
      "warps": 4,
      "num_n_blocks": 8,
      "num_v_blocks": 2,
      "num_q_blocks": 2,
      "status": "ok",
      "triton_grouped_ms": 0.04476736068725586,
      "triton_oneq_repeated_ms": 0.29640703201293944,
      "triton_grouped_per_query_ms": 0.005595920085906983,
      "grouped_vs_flat_speedup": 3.395388093983253,
      "oneq_repeated_vs_flat_speedup": 0.5128169950769823,
      "grouped_vs_oneq_repeated_speedup": 6.621052201036258,
      "validation": {
        "finite_outputs": true,
        "max_abs_diff_grouped_vs_flat": 8.195638656616211e-08,
        "mean_abs_diff_grouped_vs_flat": 1.9573661802496645e-08,
        "relative_max_abs_diff_grouped": 3.677823220812895e-07,
        "max_abs_diff_oneq_vs_flat": 9.313225746154785e-08,
        "mean_abs_diff_oneq_vs_flat": 1.3368634199650842e-08,
        "relative_max_abs_diff_oneq": 4.179344569105563e-07,
        "max_ref_abs": 0.2228393852710724
      }
    },
    {
      "block_n": 128,
      "block_d": 64,
      "block_v": 64,
      "block_q": 4,
      "warps": 8,
      "num_n_blocks": 8,
      "num_v_blocks": 2,
      "num_q_blocks": 2,
      "status": "ok",
      "triton_grouped_ms": 0.04472832202911377,
      "triton_oneq_repeated_ms": 0.3016499137878418,
      "triton_grouped_per_query_ms": 0.005591040253639221,
      "grouped_vs_flat_speedup": 3.3983515719106046,
      "oneq_repeated_vs_flat_speedup": 0.5039038850296833,
      "grouped_vs_oneq_repeated_speedup": 6.744047174215415,
      "validation": {
        "finite_outputs": true,
        "max_abs_diff_grouped_vs_flat": 8.195638656616211e-08,
        "mean_abs_diff_grouped_vs_flat": 1.95645526446242e-08,
        "relative_max_abs_diff_grouped": 3.677823220812895e-07,
        "max_abs_diff_oneq_vs_flat": 8.381903171539307e-08,
        "mean_abs_diff_oneq_vs_flat": 1.3262535958347144e-08,
        "relative_max_abs_diff_oneq": 3.7614101121950064e-07,
        "max_ref_abs": 0.2228393852710724
      }
    },
    {
      "block_n": 64,
      "block_d": 64,
      "block_v": 64,
      "block_q": 4,
      "warps": 4,
      "num_n_blocks": 16,
      "num_v_blocks": 2,
      "num_q_blocks": 2,
      "status": "ok",
      "triton_grouped_ms": 0.04413440227508545,
      "triton_oneq_repeated_ms": 0.29132415771484377,
      "triton_grouped_per_query_ms": 0.005516800284385681,
      "grouped_vs_flat_speedup": 3.44408342791515,
      "oneq_repeated_vs_flat_speedup": 0.5217643626566213,
      "grouped_vs_oneq_repeated_speedup": 6.600840675241245,
      "validation": {
        "finite_outputs": true,
        "max_abs_diff_grouped_vs_flat": 8.381903171539307e-08,
        "mean_abs_diff_grouped_vs_flat": 1.9229858594371763e-08,
        "relative_max_abs_diff_grouped": 3.7614101121950064e-07,
        "max_abs_diff_oneq_vs_flat": 1.0244548320770264e-07,
        "mean_abs_diff_oneq_vs_flat": 1.3253384167910554e-08,
        "relative_max_abs_diff_oneq": 4.597279026016119e-07,
        "max_ref_abs": 0.2228393852710724
      }
    }
  ]
}