load_class,background_only_ms
idle,0.0
compute,0.055535998195409775
memory,0.057679999619722366
