variant_id,block_size,warps,first_invocation_wall_ms
B512_W4,512,4,743.4956850484014
B1024_W4,1024,4,1.7357789911329746
