repeat,policy,queue_ms
0,static_best_average,1.8055039644241333
0,load_aware,2.178800106048584
0,oracle_context,1.6491999626159668
0,static_best_isolated,1.8228479623794556
0,resource_aware,1.6236799955368042
