{
  "status": "ok",
  "order_mode": "random_segment",
  "segment_counts": [
    64,
    64,
    64,
    64,
    64,
    64,
    64,
    64,
    64,
    64,
    64,
    64,
    64,
    64,
    64,
    64,
    64,
    64,
    64,
    64,
    64,
    64,
    64,
    64,
    64,
    64,
    64,
    64,
    64,
    64,
    64,
    64
  ],
  "segment_count": 32,
  "tokens_per_segment": 256,
  "key_dim": 128,
  "value_dim": 128,
  "query_count": 4,
  "total_cache_tokens": 8192,
  "selected_tokens": 2048,
  "selection_fraction": 0.25,
  "torch_flat_total_ms": 0.13162495613098144,
  "torch_gather_k_ms": 0.01294335961341858,
  "torch_gather_v_ms": 0.012961920499801636,
  "torch_score_softmax_ms": 0.0674777603149414,
  "torch_value_ms": 0.032150399684906,
  "torch_component_sum_ms": 0.1255334401130676,
  "best_triton_grouped_ms": 0.03266304016113281,
  "best_triton_grouped_per_query_ms": 0.008165760040283203,
  "best_triton_vs_flat_speedup": 4.029782760014108,
  "best_oneq_repeated_ms": 0.11893247604370118,
  "best_grouped_vs_best_oneq_repeated_speedup": 3.6411943118884618,
  "best_variant": {
    "block_n": 128,
    "block_d": 64,
    "block_v": 64,
    "block_q": 4,
    "warps": 8,
    "num_n_blocks": 16,
    "num_v_blocks": 2,
    "num_q_blocks": 1
  },
  "best_oneq_variant": {
    "block_n": 128,
    "block_d": 64,
    "block_v": 128,
    "warps": 4,
    "num_n_blocks": 16,
    "num_v_blocks": 1
  },
  "order_stats": {
    "order_span_mean": 90.23790740966797,
    "order_span_p95": 206.0,
    "monotonic_fraction": 0.5134342908859253
  },
  "variant_results": [
    {
      "block_n": 128,
      "block_d": 64,
      "block_v": 64,
      "block_q": 4,
      "warps": 4,
      "num_n_blocks": 16,
      "num_v_blocks": 2,
      "num_q_blocks": 1,
      "status": "ok",
      "triton_grouped_ms": 0.051569919586181644,
      "triton_oneq_repeated_ms": 0.13604864120483398,
      "triton_grouped_per_query_ms": 0.012892479896545411,
      "grouped_vs_flat_speedup": 2.552359150202182,
      "oneq_repeated_vs_flat_speedup": 0.9674845332178491,
      "grouped_vs_oneq_repeated_speedup": 2.638139487060374,
      "validation": {
        "finite_outputs": true,
        "max_abs_diff_grouped_vs_flat": 7.450580596923828e-08,
        "mean_abs_diff_grouped_vs_flat": 1.6405707015110238e-08,
        "relative_max_abs_diff_grouped": 5.959219866608822e-07,
        "max_abs_diff_oneq_vs_flat": 6.891787052154541e-08,
        "mean_abs_diff_oneq_vs_flat": 1.3000430953979958e-08,
        "relative_max_abs_diff_oneq": 5.512278376613161e-07,
        "max_ref_abs": 0.12502610683441162
      }
    },
    {
      "block_n": 128,
      "block_d": 64,
      "block_v": 128,
      "block_q": 4,
      "warps": 4,
      "num_n_blocks": 16,
      "num_v_blocks": 1,
      "num_q_blocks": 1,
      "status": "ok",
      "triton_grouped_ms": 0.035209600925445554,
      "triton_oneq_repeated_ms": 0.11893247604370118,
      "triton_grouped_per_query_ms": 0.008802400231361389,
      "grouped_vs_flat_speedup": 3.7383257029720456,
      "oneq_repeated_vs_flat_speedup": 1.106720052499508,
      "grouped_vs_oneq_repeated_speedup": 3.3778422054693076,
      "validation": {
        "finite_outputs": true,
        "max_abs_diff_grouped_vs_flat": 7.450580596923828e-08,
        "mean_abs_diff_grouped_vs_flat": 1.6405707015110238e-08,
        "relative_max_abs_diff_grouped": 5.959219866608822e-07,
        "max_abs_diff_oneq_vs_flat": 6.891787052154541e-08,
        "mean_abs_diff_oneq_vs_flat": 1.3006285826122621e-08,
        "relative_max_abs_diff_oneq": 5.512278376613161e-07,
        "max_ref_abs": 0.12502610683441162
      }
    },
    {
      "block_n": 256,
      "block_d": 64,
      "block_v": 64,
      "block_q": 4,
      "warps": 4,
      "num_n_blocks": 8,
      "num_v_blocks": 2,
      "num_q_blocks": 1,
      "status": "failed",
      "error_type": "OutOfResources",
      "error": "out of resource: shared memory, Required: 133120, Hardware limit: 101376. Reducing block sizes or `num_stages` may help."
    },
    {
      "block_n": 128,
      "block_d": 128,
      "block_v": 64,
      "block_q": 4,
      "warps": 4,
      "num_n_blocks": 16,
      "num_v_blocks": 2,
      "num_q_blocks": 1,
      "status": "ok",
      "triton_grouped_ms": 0.03651711940765381,
      "triton_oneq_repeated_ms": 0.12101632118225097,
      "triton_grouped_per_query_ms": 0.009129279851913452,
      "grouped_vs_flat_speedup": 3.6044725943907148,
      "oneq_repeated_vs_flat_speedup": 1.0876628445245318,
      "grouped_vs_oneq_repeated_speedup": 3.313961318561358,
      "validation": {
        "finite_outputs": true,
        "max_abs_diff_grouped_vs_flat": 7.450580596923828e-08,
        "mean_abs_diff_grouped_vs_flat": 1.6405707015110238e-08,
        "relative_max_abs_diff_grouped": 5.959219866608822e-07,
        "max_abs_diff_oneq_vs_flat": 6.891787052154541e-08,
        "mean_abs_diff_oneq_vs_flat": 1.3022543043916812e-08,
        "relative_max_abs_diff_oneq": 5.512278376613161e-07,
        "max_ref_abs": 0.12502610683441162
      }
    },
    {
      "block_n": 128,
      "block_d": 64,
      "block_v": 64,
      "block_q": 4,
      "warps": 8,
      "num_n_blocks": 16,
      "num_v_blocks": 2,
      "num_q_blocks": 1,
      "status": "ok",
      "triton_grouped_ms": 0.03266304016113281,
      "triton_oneq_repeated_ms": 0.15020031929016114,
      "triton_grouped_per_query_ms": 0.008165760040283203,
      "grouped_vs_flat_speedup": 4.029782760014108,
      "oneq_repeated_vs_flat_speedup": 0.876329402980194,
      "grouped_vs_oneq_repeated_speedup": 4.598479460246052,
      "validation": {
        "finite_outputs": true,
        "max_abs_diff_grouped_vs_flat": 7.450580596923828e-08,
        "mean_abs_diff_grouped_vs_flat": 1.6204879216275003e-08,
        "relative_max_abs_diff_grouped": 5.959219866608822e-07,
        "max_abs_diff_oneq_vs_flat": 6.705522537231445e-08,
        "mean_abs_diff_oneq_vs_flat": 1.2700198226411885e-08,
        "relative_max_abs_diff_oneq": 5.36329787994794e-07,
        "max_ref_abs": 0.12502610683441162
      }
    },
    {
      "block_n": 64,
      "block_d": 64,
      "block_v": 64,
      "block_q": 4,
      "warps": 4,
      "num_n_blocks": 32,
      "num_v_blocks": 2,
      "num_q_blocks": 1,
      "status": "ok",
      "triton_grouped_ms": 0.03319808006286621,
      "triton_oneq_repeated_ms": 0.13252415657043456,
      "triton_grouped_per_query_ms": 0.008299520015716553,
      "grouped_vs_flat_speedup": 3.9648363966147198,
      "oneq_repeated_vs_flat_speedup": 0.9932148186208208,
      "grouped_vs_oneq_repeated_speedup": 3.9919223135638426,
      "validation": {
        "finite_outputs": true,
        "max_abs_diff_grouped_vs_flat": 8.754432201385498e-08,
        "mean_abs_diff_grouped_vs_flat": 1.57891690832912e-08,
        "relative_max_abs_diff_grouped": 7.002083343265366e-07,
        "max_abs_diff_oneq_vs_flat": 7.450580596923828e-08,
        "mean_abs_diff_oneq_vs_flat": 1.2733906373796344e-08,
        "relative_max_abs_diff_oneq": 5.959219866608822e-07,
        "max_ref_abs": 0.12502610683441162
      }
    }
  ]
}