{
  "status": "ok",
  "order_mode": "random_segment",
  "segment_counts": [
    32,
    32,
    32,
    32,
    32,
    32,
    32,
    32,
    32,
    32,
    32,
    32,
    32,
    32,
    32,
    32,
    32,
    32,
    32,
    32,
    32,
    32,
    32,
    32,
    32,
    32,
    32,
    32,
    32,
    32,
    32,
    32
  ],
  "segment_count": 32,
  "tokens_per_segment": 256,
  "key_dim": 128,
  "value_dim": 128,
  "query_count": 4,
  "total_cache_tokens": 8192,
  "selected_tokens": 1024,
  "selection_fraction": 0.125,
  "torch_flat_total_ms": 0.12306431770324706,
  "torch_gather_k_ms": 0.011960320472717285,
  "torch_gather_v_ms": 0.011878399848937989,
  "torch_score_softmax_ms": 0.06606847763061524,
  "torch_value_ms": 0.03014656066894531,
  "torch_component_sum_ms": 0.12005375862121581,
  "best_triton_grouped_ms": 0.03381247997283936,
  "best_triton_grouped_per_query_ms": 0.00845311999320984,
  "best_triton_vs_flat_speedup": 3.6396122911452005,
  "best_oneq_repeated_ms": 0.12375679969787598,
  "best_grouped_vs_best_oneq_repeated_speedup": 3.6600923622664308,
  "best_variant": {
    "block_n": 64,
    "block_d": 64,
    "block_v": 64,
    "block_q": 4,
    "warps": 4,
    "num_n_blocks": 16,
    "num_v_blocks": 2,
    "num_q_blocks": 1
  },
  "best_oneq_variant": {
    "block_n": 64,
    "block_d": 64,
    "block_v": 64,
    "warps": 4,
    "num_n_blocks": 16,
    "num_v_blocks": 2
  },
  "order_stats": {
    "order_span_mean": 92.69012451171875,
    "order_span_p95": 212.0,
    "monotonic_fraction": 0.5200390815734863
  },
  "variant_results": [
    {
      "block_n": 128,
      "block_d": 64,
      "block_v": 64,
      "block_q": 4,
      "warps": 4,
      "num_n_blocks": 8,
      "num_v_blocks": 2,
      "num_q_blocks": 1,
      "status": "ok",
      "triton_grouped_ms": 0.04581376075744629,
      "triton_oneq_repeated_ms": 0.14833855628967285,
      "triton_grouped_per_query_ms": 0.011453440189361572,
      "grouped_vs_flat_speedup": 2.6861867628547595,
      "oneq_repeated_vs_flat_speedup": 0.8296178740133434,
      "grouped_vs_oneq_repeated_speedup": 3.237860281216115,
      "validation": {
        "finite_outputs": true,
        "max_abs_diff_grouped_vs_flat": 8.940696716308594e-08,
        "mean_abs_diff_grouped_vs_flat": 1.8354427311351174e-08,
        "relative_max_abs_diff_grouped": 4.583458359891928e-07,
        "max_abs_diff_oneq_vs_flat": 5.587935447692871e-08,
        "mean_abs_diff_oneq_vs_flat": 1.2754227896039083e-08,
        "relative_max_abs_diff_oneq": 2.864661474932455e-07,
        "max_ref_abs": 0.19506442546844482
      }
    },
    {
      "block_n": 128,
      "block_d": 64,
      "block_v": 128,
      "block_q": 4,
      "warps": 4,
      "num_n_blocks": 8,
      "num_v_blocks": 1,
      "num_q_blocks": 1,
      "status": "ok",
      "triton_grouped_ms": 0.04278272151947021,
      "triton_oneq_repeated_ms": 0.14856191635131835,
      "triton_grouped_per_query_ms": 0.010695680379867553,
      "grouped_vs_flat_speedup": 2.8764957752218048,
      "oneq_repeated_vs_flat_speedup": 0.8283705590618883,
      "grouped_vs_oneq_repeated_speedup": 3.472474659745723,
      "validation": {
        "finite_outputs": true,
        "max_abs_diff_grouped_vs_flat": 8.940696716308594e-08,
        "mean_abs_diff_grouped_vs_flat": 1.8354427311351174e-08,
        "relative_max_abs_diff_grouped": 4.583458359891928e-07,
        "max_abs_diff_oneq_vs_flat": 5.587935447692871e-08,
        "mean_abs_diff_oneq_vs_flat": 1.311175878981885e-08,
        "relative_max_abs_diff_oneq": 2.864661474932455e-07,
        "max_ref_abs": 0.19506442546844482
      }
    },
    {
      "block_n": 256,
      "block_d": 64,
      "block_v": 64,
      "block_q": 4,
      "warps": 4,
      "num_n_blocks": 4,
      "num_v_blocks": 2,
      "num_q_blocks": 1,
      "status": "failed",
      "error_type": "OutOfResources",
      "error": "out of resource: shared memory, Required: 133120, Hardware limit: 101376. Reducing block sizes or `num_stages` may help."
    },
    {
      "block_n": 128,
      "block_d": 128,
      "block_v": 64,
      "block_q": 4,
      "warps": 4,
      "num_n_blocks": 8,
      "num_v_blocks": 2,
      "num_q_blocks": 1,
      "status": "ok",
      "triton_grouped_ms": 0.0440934419631958,
      "triton_oneq_repeated_ms": 0.15493120193481447,
      "triton_grouped_per_query_ms": 0.01102336049079895,
      "grouped_vs_flat_speedup": 2.7909891408787546,
      "oneq_repeated_vs_flat_speedup": 0.794315903874708,
      "grouped_vs_oneq_repeated_speedup": 3.5137016988633696,
      "validation": {
        "finite_outputs": true,
        "max_abs_diff_grouped_vs_flat": 8.940696716308594e-08,
        "mean_abs_diff_grouped_vs_flat": 1.8354427311351174e-08,
        "relative_max_abs_diff_grouped": 4.583458359891928e-07,
        "max_abs_diff_oneq_vs_flat": 6.332993507385254e-08,
        "mean_abs_diff_oneq_vs_flat": 1.2510014357758337e-08,
        "relative_max_abs_diff_oneq": 3.2466163382567823e-07,
        "max_ref_abs": 0.19506442546844482
      }
    },
    {
      "block_n": 128,
      "block_d": 64,
      "block_v": 64,
      "block_q": 4,
      "warps": 8,
      "num_n_blocks": 8,
      "num_v_blocks": 2,
      "num_q_blocks": 1,
      "status": "ok",
      "triton_grouped_ms": 0.04128767967224121,
      "triton_oneq_repeated_ms": 0.14954496383666993,
      "triton_grouped_per_query_ms": 0.010321919918060302,
      "grouped_vs_flat_speedup": 2.9806547299383945,
      "oneq_repeated_vs_flat_speedup": 0.8229251894945488,
      "grouped_vs_oneq_repeated_speedup": 3.6220239312022406,
      "validation": {
        "finite_outputs": true,
        "max_abs_diff_grouped_vs_flat": 8.940696716308594e-08,
        "mean_abs_diff_grouped_vs_flat": 1.8354427311351174e-08,
        "relative_max_abs_diff_grouped": 4.583458359891928e-07,
        "max_abs_diff_oneq_vs_flat": 5.21540641784668e-08,
        "mean_abs_diff_oneq_vs_flat": 1.2824685313717055e-08,
        "relative_max_abs_diff_oneq": 2.673684043270291e-07,
        "max_ref_abs": 0.19506442546844482
      }
    },
    {
      "block_n": 64,
      "block_d": 64,
      "block_v": 64,
      "block_q": 4,
      "warps": 4,
      "num_n_blocks": 16,
      "num_v_blocks": 2,
      "num_q_blocks": 1,
      "status": "ok",
      "triton_grouped_ms": 0.03381247997283936,
      "triton_oneq_repeated_ms": 0.12375679969787598,
      "triton_grouped_per_query_ms": 0.00845311999320984,
      "grouped_vs_flat_speedup": 3.6396122911452005,
      "oneq_repeated_vs_flat_speedup": 0.9944044933585916,
      "grouped_vs_oneq_repeated_speedup": 3.6600923622664308,
      "validation": {
        "finite_outputs": true,
        "max_abs_diff_grouped_vs_flat": 1.341104507446289e-07,
        "mean_abs_diff_grouped_vs_flat": 1.808956540116924e-08,
        "relative_max_abs_diff_grouped": 6.875187539837892e-07,
        "max_abs_diff_oneq_vs_flat": 7.450580596923828e-08,
        "mean_abs_diff_oneq_vs_flat": 1.3053721659161965e-08,
        "relative_max_abs_diff_oneq": 3.8195486332432734e-07,
        "max_ref_abs": 0.19506442546844482
      }
    }
  ]
}