{
  "status": "ok",
  "order_mode": "clustered_segment",
  "segment_counts": [
    32,
    32,
    32,
    32,
    32,
    32,
    32,
    32,
    32,
    32,
    32,
    32,
    32,
    32,
    32,
    32,
    32,
    32,
    32,
    32,
    32,
    32,
    32,
    32,
    32,
    32,
    32,
    32,
    32,
    32,
    32,
    32
  ],
  "segment_count": 32,
  "tokens_per_segment": 256,
  "key_dim": 128,
  "value_dim": 128,
  "query_count": 4,
  "total_cache_tokens": 8192,
  "selected_tokens": 1024,
  "selection_fraction": 0.125,
  "torch_flat_total_ms": 0.12800000190734864,
  "torch_gather_k_ms": 0.011813119649887086,
  "torch_gather_v_ms": 0.011800960302352906,
  "torch_score_softmax_ms": 0.0661075210571289,
  "torch_value_ms": 0.03043328046798706,
  "torch_component_sum_ms": 0.12015488147735595,
  "best_triton_grouped_ms": 0.042536959648132325,
  "best_triton_grouped_per_query_ms": 0.010634239912033081,
  "best_triton_vs_flat_speedup": 3.009147879072,
  "best_oneq_repeated_ms": 0.14733311653137207,
  "best_grouped_vs_best_oneq_repeated_speedup": 3.463649441570774,
  "best_variant": {
    "block_n": 128,
    "block_d": 64,
    "block_v": 128,
    "block_q": 4,
    "warps": 4,
    "num_n_blocks": 8,
    "num_v_blocks": 1,
    "num_q_blocks": 1
  },
  "best_oneq_variant": {
    "block_n": 128,
    "block_d": 64,
    "block_v": 128,
    "warps": 4,
    "num_n_blocks": 8,
    "num_v_blocks": 1
  },
  "order_stats": {
    "order_span_mean": 7.8279571533203125,
    "order_span_p95": 1.0,
    "monotonic_fraction": 1.0
  },
  "variant_results": [
    {
      "block_n": 128,
      "block_d": 64,
      "block_v": 64,
      "block_q": 4,
      "warps": 4,
      "num_n_blocks": 8,
      "num_v_blocks": 2,
      "num_q_blocks": 1,
      "status": "ok",
      "triton_grouped_ms": 0.04310719966888428,
      "triton_oneq_repeated_ms": 0.14991680145263672,
      "triton_grouped_per_query_ms": 0.01077679991722107,
      "grouped_vs_flat_speedup": 2.9693416155664094,
      "oneq_repeated_vs_flat_speedup": 0.8538069160165996,
      "grouped_vs_oneq_repeated_speedup": 3.477767115567239,
      "validation": {
        "finite_outputs": true,
        "max_abs_diff_grouped_vs_flat": 7.776543498039246e-08,
        "mean_abs_diff_grouped_vs_flat": 2.087836037389934e-08,
        "relative_max_abs_diff_grouped": 5.260205680971738e-07,
        "max_abs_diff_oneq_vs_flat": 6.146728992462158e-08,
        "mean_abs_diff_oneq_vs_flat": 1.4540148640662665e-08,
        "relative_max_abs_diff_oneq": 4.157767364600416e-07,
        "max_ref_abs": 0.14783725142478943
      }
    },
    {
      "block_n": 128,
      "block_d": 64,
      "block_v": 128,
      "block_q": 4,
      "warps": 4,
      "num_n_blocks": 8,
      "num_v_blocks": 1,
      "num_q_blocks": 1,
      "status": "ok",
      "triton_grouped_ms": 0.042536959648132325,
      "triton_oneq_repeated_ms": 0.14733311653137207,
      "triton_grouped_per_query_ms": 0.010634239912033081,
      "grouped_vs_flat_speedup": 3.009147879072,
      "oneq_repeated_vs_flat_speedup": 0.8687795719036,
      "grouped_vs_oneq_repeated_speedup": 3.463649441570774,
      "validation": {
        "finite_outputs": true,
        "max_abs_diff_grouped_vs_flat": 7.776543498039246e-08,
        "mean_abs_diff_grouped_vs_flat": 2.087836037389934e-08,
        "relative_max_abs_diff_grouped": 5.260205680971738e-07,
        "max_abs_diff_oneq_vs_flat": 7.450580596923828e-08,
        "mean_abs_diff_oneq_vs_flat": 1.4496777112071868e-08,
        "relative_max_abs_diff_oneq": 5.039718017697474e-07,
        "max_ref_abs": 0.14783725142478943
      }
    },
    {
      "block_n": 256,
      "block_d": 64,
      "block_v": 64,
      "block_q": 4,
      "warps": 4,
      "num_n_blocks": 4,
      "num_v_blocks": 2,
      "num_q_blocks": 1,
      "status": "failed",
      "error_type": "OutOfResources",
      "error": "out of resource: shared memory, Required: 133120, Hardware limit: 101376. Reducing block sizes or `num_stages` may help."
    },
    {
      "block_n": 128,
      "block_d": 128,
      "block_v": 64,
      "block_q": 4,
      "warps": 4,
      "num_n_blocks": 8,
      "num_v_blocks": 2,
      "num_q_blocks": 1,
      "status": "ok",
      "triton_grouped_ms": 0.04274176120758057,
      "triton_oneq_repeated_ms": 0.1496063995361328,
      "triton_grouped_per_query_ms": 0.010685440301895142,
      "grouped_vs_flat_speedup": 2.9947292364884324,
      "oneq_repeated_vs_flat_speedup": 0.8555783863806855,
      "grouped_vs_oneq_repeated_speedup": 3.5002394685972607,
      "validation": {
        "finite_outputs": true,
        "max_abs_diff_grouped_vs_flat": 7.776543498039246e-08,
        "mean_abs_diff_grouped_vs_flat": 2.087836037389934e-08,
        "relative_max_abs_diff_grouped": 5.260205680971738e-07,
        "max_abs_diff_oneq_vs_flat": 6.705522537231445e-08,
        "mean_abs_diff_oneq_vs_flat": 1.4510760593111627e-08,
        "relative_max_abs_diff_oneq": 4.5357462159277265e-07,
        "max_ref_abs": 0.14783725142478943
      }
    },
    {
      "block_n": 128,
      "block_d": 64,
      "block_v": 64,
      "block_q": 4,
      "warps": 8,
      "num_n_blocks": 8,
      "num_v_blocks": 2,
      "num_q_blocks": 1,
      "status": "ok",
      "triton_grouped_ms": 0.04636672019958496,
      "triton_oneq_repeated_ms": 0.21753856658935547,
      "triton_grouped_per_query_ms": 0.01159168004989624,
      "grouped_vs_flat_speedup": 2.760600735966966,
      "oneq_repeated_vs_flat_speedup": 0.5884014219371615,
      "grouped_vs_oneq_repeated_speedup": 4.691696234992759,
      "validation": {
        "finite_outputs": true,
        "max_abs_diff_grouped_vs_flat": 7.776543498039246e-08,
        "mean_abs_diff_grouped_vs_flat": 2.087836037389934e-08,
        "relative_max_abs_diff_grouped": 5.260205680971738e-07,
        "max_abs_diff_oneq_vs_flat": 6.705522537231445e-08,
        "mean_abs_diff_oneq_vs_flat": 1.468401933379937e-08,
        "relative_max_abs_diff_oneq": 4.5357462159277265e-07,
        "max_ref_abs": 0.14783725142478943
      }
    },
    {
      "block_n": 64,
      "block_d": 64,
      "block_v": 64,
      "block_q": 4,
      "warps": 4,
      "num_n_blocks": 16,
      "num_v_blocks": 2,
      "num_q_blocks": 1,
      "status": "ok",
      "triton_grouped_ms": 0.04284416198730469,
      "triton_oneq_repeated_ms": 0.14938112258911132,
      "triton_grouped_per_query_ms": 0.010711040496826172,
      "grouped_vs_flat_speedup": 2.9875716076621313,
      "oneq_repeated_vs_flat_speedup": 0.8568686570887961,
      "grouped_vs_oneq_repeated_speedup": 3.486615577482295,
      "validation": {
        "finite_outputs": true,
        "max_abs_diff_grouped_vs_flat": 8.742790669202805e-08,
        "mean_abs_diff_grouped_vs_flat": 2.0628021957236342e-08,
        "relative_max_abs_diff_grouped": 5.91379411139188e-07,
        "max_abs_diff_oneq_vs_flat": 7.078051567077637e-08,
        "mean_abs_diff_oneq_vs_flat": 1.4274917248258134e-08,
        "relative_max_abs_diff_oneq": 4.7877321168126e-07,
        "max_ref_abs": 0.14783725142478943
      }
    }
  ]
}