{
  "status": "ok",
  "order_mode": "clustered_segment",
  "segment_counts": [
    32,
    32,
    32,
    32,
    32,
    32,
    32,
    32,
    32,
    32,
    32,
    32,
    32,
    32,
    32,
    32,
    32,
    32,
    32,
    32,
    32,
    32,
    32,
    32,
    32,
    32,
    32,
    32,
    32,
    32,
    32,
    32
  ],
  "segment_count": 32,
  "tokens_per_segment": 256,
  "key_dim": 128,
  "value_dim": 128,
  "query_count": 8,
  "total_cache_tokens": 8192,
  "selected_tokens": 1024,
  "selection_fraction": 0.125,
  "torch_flat_total_ms": 0.10116607666015626,
  "torch_gather_k_ms": 0.009650560021400452,
  "torch_gather_v_ms": 0.00974847972393036,
  "torch_score_softmax_ms": 0.053347201347351075,
  "torch_value_ms": 0.022425599098205566,
  "torch_component_sum_ms": 0.09517184019088745,
  "best_triton_grouped_ms": 0.02732032060623169,
  "best_triton_grouped_per_query_ms": 0.003415040075778961,
  "best_triton_vs_flat_speedup": 3.7029608150747895,
  "best_oneq_repeated_ms": 0.21006336212158203,
  "best_grouped_vs_best_oneq_repeated_speedup": 7.688905454267149,
  "best_variant": {
    "block_n": 128,
    "block_d": 64,
    "block_v": 64,
    "block_q": 4,
    "warps": 8,
    "num_n_blocks": 8,
    "num_v_blocks": 2,
    "num_q_blocks": 2
  },
  "best_oneq_variant": {
    "block_n": 128,
    "block_d": 64,
    "block_v": 64,
    "warps": 8,
    "num_n_blocks": 8,
    "num_v_blocks": 2
  },
  "order_stats": {
    "order_span_mean": 7.8279571533203125,
    "order_span_p95": 1.0,
    "monotonic_fraction": 1.0
  },
  "variant_results": [
    {
      "block_n": 128,
      "block_d": 64,
      "block_v": 64,
      "block_q": 4,
      "warps": 4,
      "num_n_blocks": 8,
      "num_v_blocks": 2,
      "num_q_blocks": 2,
      "status": "ok",
      "triton_grouped_ms": 0.03561471939086914,
      "triton_oneq_repeated_ms": 0.22161088943481444,
      "triton_grouped_per_query_ms": 0.004451839923858642,
      "grouped_vs_flat_speedup": 2.8405692475031294,
      "oneq_repeated_vs_flat_speedup": 0.4565031841087108,
      "grouped_vs_oneq_repeated_speedup": 6.222452211476101,
      "validation": {
        "finite_outputs": true,
        "max_abs_diff_grouped_vs_flat": 1.043081283569336e-07,
        "mean_abs_diff_grouped_vs_flat": 2.3754850531076954e-08,
        "relative_max_abs_diff_grouped": 6.187824518246922e-07,
        "max_abs_diff_oneq_vs_flat": 9.685754776000977e-08,
        "mean_abs_diff_oneq_vs_flat": 1.5117734619707335e-08,
        "relative_max_abs_diff_oneq": 5.745837052657856e-07,
        "max_ref_abs": 0.16856995224952698
      }
    },
    {
      "block_n": 128,
      "block_d": 64,
      "block_v": 128,
      "block_q": 4,
      "warps": 4,
      "num_n_blocks": 8,
      "num_v_blocks": 1,
      "num_q_blocks": 2,
      "status": "ok",
      "triton_grouped_ms": 0.032435200214385985,
      "triton_oneq_repeated_ms": 0.22257984161376954,
      "triton_grouped_per_query_ms": 0.004054400026798248,
      "grouped_vs_flat_speedup": 3.1190211865961,
      "oneq_repeated_vs_flat_speedup": 0.4545158983251688,
      "grouped_vs_oneq_repeated_speedup": 6.862292822075712,
      "validation": {
        "finite_outputs": true,
        "max_abs_diff_grouped_vs_flat": 1.043081283569336e-07,
        "mean_abs_diff_grouped_vs_flat": 2.3754850531076954e-08,
        "relative_max_abs_diff_grouped": 6.187824518246922e-07,
        "max_abs_diff_oneq_vs_flat": 1.043081283569336e-07,
        "mean_abs_diff_oneq_vs_flat": 1.525464199403359e-08,
        "relative_max_abs_diff_oneq": 6.187824518246922e-07,
        "max_ref_abs": 0.16856995224952698
      }
    },
    {
      "block_n": 256,
      "block_d": 64,
      "block_v": 64,
      "block_q": 4,
      "warps": 4,
      "num_n_blocks": 4,
      "num_v_blocks": 2,
      "num_q_blocks": 2,
      "status": "failed",
      "error_type": "OutOfResources",
      "error": "out of resource: shared memory, Required: 133120, Hardware limit: 101376. Reducing block sizes or `num_stages` may help."
    },
    {
      "block_n": 128,
      "block_d": 128,
      "block_v": 64,
      "block_q": 4,
      "warps": 4,
      "num_n_blocks": 8,
      "num_v_blocks": 2,
      "num_q_blocks": 2,
      "status": "ok",
      "triton_grouped_ms": 0.03250175952911377,
      "triton_oneq_repeated_ms": 0.24621055603027345,
      "triton_grouped_per_query_ms": 0.0040627199411392215,
      "grouped_vs_flat_speedup": 3.1126338427781346,
      "oneq_repeated_vs_flat_speedup": 0.4108925234209581,
      "grouped_vs_oneq_repeated_speedup": 7.575299294480593,
      "validation": {
        "finite_outputs": true,
        "max_abs_diff_grouped_vs_flat": 1.043081283569336e-07,
        "mean_abs_diff_grouped_vs_flat": 2.3754850531076954e-08,
        "relative_max_abs_diff_grouped": 6.187824518246922e-07,
        "max_abs_diff_oneq_vs_flat": 7.450580596923828e-08,
        "mean_abs_diff_oneq_vs_flat": 1.4866614606035e-08,
        "relative_max_abs_diff_oneq": 4.4198746558906585e-07,
        "max_ref_abs": 0.16856995224952698
      }
    },
    {
      "block_n": 128,
      "block_d": 64,
      "block_v": 64,
      "block_q": 4,
      "warps": 8,
      "num_n_blocks": 8,
      "num_v_blocks": 2,
      "num_q_blocks": 2,
      "status": "ok",
      "triton_grouped_ms": 0.02732032060623169,
      "triton_oneq_repeated_ms": 0.21006336212158203,
      "triton_grouped_per_query_ms": 0.003415040075778961,
      "grouped_vs_flat_speedup": 3.7029608150747895,
      "oneq_repeated_vs_flat_speedup": 0.4815979123556187,
      "grouped_vs_oneq_repeated_speedup": 7.688905454267149,
      "validation": {
        "finite_outputs": true,
        "max_abs_diff_grouped_vs_flat": 1.043081283569336e-07,
        "mean_abs_diff_grouped_vs_flat": 2.387943709436513e-08,
        "relative_max_abs_diff_grouped": 6.187824518246922e-07,
        "max_abs_diff_oneq_vs_flat": 8.940696716308594e-08,
        "mean_abs_diff_oneq_vs_flat": 1.4924779634384322e-08,
        "relative_max_abs_diff_oneq": 5.303849587068791e-07,
        "max_ref_abs": 0.16856995224952698
      }
    },
    {
      "block_n": 64,
      "block_d": 64,
      "block_v": 64,
      "block_q": 4,
      "warps": 4,
      "num_n_blocks": 16,
      "num_v_blocks": 2,
      "num_q_blocks": 2,
      "status": "ok",
      "triton_grouped_ms": 0.03481600046157837,
      "triton_oneq_repeated_ms": 0.21835775375366212,
      "triton_grouped_per_query_ms": 0.0043520000576972966,
      "grouped_vs_flat_speedup": 2.9057351596660084,
      "oneq_repeated_vs_flat_speedup": 0.463304256070914,
      "grouped_vs_oneq_repeated_speedup": 6.27176444332351,
      "validation": {
        "finite_outputs": true,
        "max_abs_diff_grouped_vs_flat": 1.1175870895385742e-07,
        "mean_abs_diff_grouped_vs_flat": 2.366589058055979e-08,
        "relative_max_abs_diff_grouped": 6.629811983835988e-07,
        "max_abs_diff_oneq_vs_flat": 8.195638656616211e-08,
        "mean_abs_diff_oneq_vs_flat": 1.4645891610598483e-08,
        "relative_max_abs_diff_oneq": 4.861862121479725e-07,
        "max_ref_abs": 0.16856995224952698
      }
    }
  ]
}